{
  "type": "FeatureCollection",
  "features": [
    {
      "type": "Feature",
      "properties": {
        "name": "Isochrone - Sydenham Station",
        "color": "#EC4899",
        "center_point": [
          151.166555,
          -33.914339
        ]
      },
      "geometry": {
        "coordinates": [
          [
            [
              151.1581162,
              -33.9103849
            ],
            [
              151.1590341,
              -33.9076023
            ],
            [
              151.1590982,
              -33.9075398
            ],
            [
              151.1591597,
              -33.907482
            ],
            [
              151.1620253,
              -33.907243
            ],
            [
              151.1622832,
              -33.9069476
            ],
            [
              151.1624499,
              -33.9068432
            ],
            [
              151.1650515,
              -33.9061921
            ],
            [
              151.16556,
              -33.9077027
            ],
            [
              151.1678355,
              -33.9075351
            ],
            [
              151.1679429,
              -33.9074127
            ],
            [
              151.1685493,
              -33.9069172
            ],
            [
              151.1686701,
              -33.9068202
            ],
            [
              151.1686893,
              -33.906809
            ],
            [
              151.1687119,
              -33.9068036
            ],
            [
              151.1687353,
              -33.9068046
            ],
            [
              151.168757,
              -33.9068119
            ],
            [
              151.1689245,
              -33.9068725
            ],
            [
              151.1690921,
              -33.9069953
            ],
            [
              151.1720128,
              -33.9065229
            ],
            [
              151.1725117,
              -33.9069955
            ],
            [
              151.1740855,
              -33.9085099
            ],
            [
              151.1752222,
              -33.9092527
            ],
            [
              151.1759782,
              -33.9099925
            ],
            [
              151.1760026,
              -33.9100199
            ],
            [
              151.1761122,
              -33.9101433
            ],
            [
              151.1761363,
              -33.9101705
            ],
            [
              151.1761328,
              -33.9101843
            ],
            [
              151.1760861,
              -33.9101975
            ],
            [
              151.1750486,
              -33.910912
            ],
            [
              151.1755458,
              -33.9138197
            ],
            [
              151.1756472,
              -33.9147662
            ],
            [
              151.1753434,
              -33.9155119
            ],
            [
              151.1745563,
              -33.9157102
            ],
            [
              151.1733891,
              -33.9163062
            ],
            [
              151.171725,
              -33.9186442
            ],
            [
              151.1694334,
              -33.9204144
            ],
            [
              151.1692065,
              -33.9217312
            ],
            [
              151.1666264,
              -33.9217508
            ],
            [
              151.165111,
              -33.921775
            ],
            [
              151.1648449,
              -33.9216338
            ],
            [
              151.164792,
              -33.9215742
            ],
            [
              151.1619407,
              -33.9210426
            ],
            [
              151.1615469,
              -33.9213176
            ],
            [
              151.1605925,
              -33.9215465
            ],
            [
              151.1599935,
              -33.9211154
            ],
            [
              151.1599743,
              -33.9210449
            ],
            [
              151.1598315,
              -33.9195751
            ],
            [
              151.1606605,
              -33.9180477
            ],
            [
              151.1601375,
              -33.9151639
            ],
            [
              151.1591041,
              -33.9150155
            ],
            [
              151.1588408,
              -33.9149664
            ],
            [
              151.1586564,
              -33.9149201
            ],
            [
              151.158246,
              -33.9148106
            ],
            [
              151.1581564,
              -33.9147867
            ],
            [
              151.1580669,
              -33.9147559
            ],
            [
              151.1580452,
              -33.9147426
            ],
            [
              151.1580033,
              -33.9147004
            ],
            [
              151.1579815,
              -33.9146556
            ],
            [
              151.1572578,
              -33.9127778
            ],
            [
              151.1569179,
              -33.9112441
            ],
            [
              151.1571234,
              -33.9108832
            ],
            [
              151.1571702,
              -33.9108202
            ],
            [
              151.1581162,
              -33.9103849
            ]
          ]
        ],
        "type": "Polygon"
      }
    },
    {
      "type": "Feature",
      "properties": {
        "name": "Isochrone - Sydenham Station",
        "color": "#4F46E5",
        "center_point": [
          151.166645609,
          -33.9143731989
        ]
      },
      "geometry": {
        "coordinates": [
          [
            [
              151.1581162,
              -33.9103849
            ],
            [
              151.1590341,
              -33.9076023
            ],
            [
              151.1590982,
              -33.9075398
            ],
            [
              151.1591597,
              -33.907482
            ],
            [
              151.1620253,
              -33.907243
            ],
            [
              151.1622832,
              -33.9069476
            ],
            [
              151.1624499,
              -33.9068432
            ],
            [
              151.1650515,
              -33.9061921
            ],
            [
              151.16556,
              -33.9077027
            ],
            [
              151.1678355,
              -33.9075351
            ],
            [
              151.1679429,
              -33.9074127
            ],
            [
              151.1685493,
              -33.9069172
            ],
            [
              151.1686701,
              -33.9068202
            ],
            [
              151.1686893,
              -33.906809
            ],
            [
              151.1687119,
              -33.9068036
            ],
            [
              151.1687353,
              -33.9068046
            ],
            [
              151.168757,
              -33.9068119
            ],
            [
              151.1689245,
              -33.9068725
            ],
            [
              151.1690921,
              -33.9069953
            ],
            [
              151.1720128,
              -33.9065229
            ],
            [
              151.1725117,
              -33.9069955
            ],
            [
              151.1740855,
              -33.9085099
            ],
            [
              151.1752222,
              -33.9092527
            ],
            [
              151.1759782,
              -33.9099925
            ],
            [
              151.1760026,
              -33.9100199
            ],
            [
              151.1761122,
              -33.9101433
            ],
            [
              151.1761363,
              -33.9101705
            ],
            [
              151.1761328,
              -33.9101843
            ],
            [
              151.1760861,
              -33.9101975
            ],
            [
              151.1750486,
              -33.910912
            ],
            [
              151.1755458,
              -33.9138197
            ],
            [
              151.1756472,
              -33.9147662
            ],
            [
              151.1753434,
              -33.9155119
            ],
            [
              151.1745563,
              -33.9157102
            ],
            [
              151.1733891,
              -33.9163062
            ],
            [
              151.171725,
              -33.9186442
            ],
            [
              151.1694334,
              -33.9204144
            ],
            [
              151.1692065,
              -33.9217312
            ],
            [
              151.1666264,
              -33.9217508
            ],
            [
              151.165111,
              -33.921775
            ],
            [
              151.1648449,
              -33.9216338
            ],
            [
              151.164792,
              -33.9215742
            ],
            [
              151.1619407,
              -33.9210426
            ],
            [
              151.1615469,
              -33.9213176
            ],
            [
              151.1605925,
              -33.9215465
            ],
            [
              151.1599935,
              -33.9211154
            ],
            [
              151.1599743,
              -33.9210449
            ],
            [
              151.1598315,
              -33.9195751
            ],
            [
              151.1606605,
              -33.9180477
            ],
            [
              151.1601375,
              -33.9151639
            ],
            [
              151.1591041,
              -33.9150155
            ],
            [
              151.1588408,
              -33.9149664
            ],
            [
              151.1586564,
              -33.9149201
            ],
            [
              151.158246,
              -33.9148106
            ],
            [
              151.1581564,
              -33.9147867
            ],
            [
              151.1580669,
              -33.9147559
            ],
            [
              151.1580452,
              -33.9147426
            ],
            [
              151.1580033,
              -33.9147004
            ],
            [
              151.1579815,
              -33.9146556
            ],
            [
              151.1572578,
              -33.9127778
            ],
            [
              151.1569179,
              -33.9112441
            ],
            [
              151.1571234,
              -33.9108832
            ],
            [
              151.1571702,
              -33.9108202
            ],
            [
              151.1581162,
              -33.9103849
            ]
          ]
        ],
        "type": "Polygon"
      }
    },
    {
      "type": "Feature",
      "properties": {
        "name": "Isochrone - Mascot Station",
        "color": "#4F46E5",
        "center_point": [
          151.187253059,
          -33.9231879691
        ]
      },
      "geometry": {
        "coordinates": [
          [
            [
              151.1775522,
              -33.9227222
            ],
            [
              151.1775436,
              -33.9192196
            ],
            [
              151.1804324,
              -33.9178142
            ],
            [
              151.180688,
              -33.9176934
            ],
            [
              151.1807697,
              -33.9176556
            ],
            [
              151.181156,
              -33.9174952
            ],
            [
              151.1839028,
              -33.9153312
            ],
            [
              151.1842923,
              -33.9151312
            ],
            [
              151.1845233,
              -33.9151031
            ],
            [
              151.1855473,
              -33.9158691
            ],
            [
              151.1855945,
              -33.9159048
            ],
            [
              151.185632,
              -33.9159405
            ],
            [
              151.1856706,
              -33.9159833
            ],
            [
              151.1857001,
              -33.9160159
            ],
            [
              151.1857281,
              -33.9160461
            ],
            [
              151.1883607,
              -33.9166787
            ],
            [
              151.1896933,
              -33.9149785
            ],
            [
              151.1897571,
              -33.9149043
            ],
            [
              151.1907011,
              -33.9156253
            ],
            [
              151.1941507,
              -33.9169825
            ],
            [
              151.193897,
              -33.9173843
            ],
            [
              151.1958256,
              -33.9206624
            ],
            [
              151.1966489,
              -33.9213976
            ],
            [
              151.1965844,
              -33.9214842
            ],
            [
              151.1965252,
              -33.9215691
            ],
            [
              151.1960665,
              -33.9226393
            ],
            [
              151.1959904,
              -33.9238159
            ],
            [
              151.1982121,
              -33.925857
            ],
            [
              151.1981376,
              -33.9259042
            ],
            [
              151.1950218,
              -33.9277528
            ],
            [
              151.1945502,
              -33.9281562
            ],
            [
              151.1920092,
              -33.9293819
            ],
            [
              151.1898376,
              -33.9306646
            ],
            [
              151.1864681,
              -33.9321433
            ],
            [
              151.1861454,
              -33.9323411
            ],
            [
              151.1847099,
              -33.9308063
            ],
            [
              151.1842933,
              -33.9303712
            ],
            [
              151.1841871,
              -33.9295765
            ],
            [
              151.1843198,
              -33.92822
            ],
            [
              151.1825433,
              -33.9253397
            ],
            [
              151.1823246,
              -33.9250646
            ],
            [
              151.1805742,
              -33.9234678
            ],
            [
              151.1783008,
              -33.9245288
            ],
            [
              151.1781232,
              -33.9248389
            ],
            [
              151.1775522,
              -33.9227222
            ]
          ]
        ],
        "type": "Polygon"
      }
    },
    {
      "type": "Feature",
      "properties": {
        "name": "Isochrone - Newtown Station",
        "color": "#4F46E5",
        "center_point": [
          151.179924712,
          -33.8978830072
        ]
      },
      "geometry": {
        "coordinates": [
          [
            [
              151.1692659,
              -33.8938936
            ],
            [
              151.1692962,
              -33.8937312
            ],
            [
              151.1708484,
              -33.8930445
            ],
            [
              151.1721031,
              -33.8914764
            ],
            [
              151.1733551,
              -33.890625
            ],
            [
              151.1741113,
              -33.8901304
            ],
            [
              151.1743515,
              -33.890026
            ],
            [
              151.1753445,
              -33.8896661
            ],
            [
              151.1753947,
              -33.889652
            ],
            [
              151.1755173,
              -33.8896207
            ],
            [
              151.177817,
              -33.8897916
            ],
            [
              151.1779355,
              -33.889835
            ],
            [
              151.1789087,
              -33.8903088
            ],
            [
              151.1806692,
              -33.8903653
            ],
            [
              151.1825998,
              -33.8911059
            ],
            [
              151.1838571,
              -33.8913861
            ],
            [
              151.1842936,
              -33.8915286
            ],
            [
              151.1847549,
              -33.8918013
            ],
            [
              151.1869798,
              -33.8923343
            ],
            [
              151.1870107,
              -33.8924027
            ],
            [
              151.1870404,
              -33.8924788
            ],
            [
              151.188417,
              -33.8942728
            ],
            [
              151.1885202,
              -33.8944126
            ],
            [
              151.1881889,
              -33.8957774
            ],
            [
              151.1879523,
              -33.8958591
            ],
            [
              151.1875187,
              -33.8960203
            ],
            [
              151.1871319,
              -33.8961721
            ],
            [
              151.1866897,
              -33.8963238
            ],
            [
              151.1857643,
              -33.8973007
            ],
            [
              151.1870432,
              -33.8987293
            ],
            [
              151.1878256,
              -33.89859
            ],
            [
              151.1880965,
              -33.8985968
            ],
            [
              151.1889639,
              -33.9005339
            ],
            [
              151.1879914,
              -33.9014459
            ],
            [
              151.1879433,
              -33.9014838
            ],
            [
              151.1861233,
              -33.9023239
            ],
            [
              151.1851056,
              -33.9039566
            ],
            [
              151.1834286,
              -33.9050662
            ],
            [
              151.1825639,
              -33.9052981
            ],
            [
              151.1814968,
              -33.9066273
            ],
            [
              151.1814811,
              -33.90662
            ],
            [
              151.1806098,
              -33.9061566
            ],
            [
              151.1805526,
              -33.9060368
            ],
            [
              151.1805392,
              -33.9060113
            ],
            [
              151.1785925,
              -33.9051066
            ],
            [
              151.1780106,
              -33.9056576
            ],
            [
              151.1775744,
              -33.9055516
            ],
            [
              151.1764742,
              -33.905165
            ],
            [
              151.1749883,
              -33.9044695
            ],
            [
              151.1728094,
              -33.9039526
            ],
            [
              151.1714721,
              -33.9024185
            ],
            [
              151.1701798,
              -33.9010451
            ],
            [
              151.1701299,
              -33.9009287
            ],
            [
              151.1695266,
              -33.8990288
            ],
            [
              151.1688396,
              -33.8987643
            ],
            [
              151.1688803,
              -33.8986914
            ],
            [
              151.1701053,
              -33.8976806
            ],
            [
              151.1703124,
              -33.8973115
            ],
            [
              151.170394,
              -33.897166
            ],
            [
              151.1696681,
              -33.8949759
            ],
            [
              151.1692064,
              -33.8942327
            ],
            [
              151.1692659,
              -33.8938936
            ]
          ]
        ],
        "type": "Polygon"
      }
    },
    {
      "type": "Feature",
      "properties": {
        "name": "Isochrone - Erskineville Station",
        "color": "#4F46E5",
        "center_point": [
          151.185307617,
          -33.9008580996
        ]
      },
      "geometry": {
        "coordinates": [
          [
            [
              151.1775082,
              -33.8972826
            ],
            [
              151.178034,
              -33.895088
            ],
            [
              151.1799357,
              -33.8951655
            ],
            [
              151.1807638,
              -33.8947823
            ],
            [
              151.1810996,
              -33.8946833
            ],
            [
              151.1828168,
              -33.8941024
            ],
            [
              151.1834211,
              -33.8934323
            ],
            [
              151.1835796,
              -33.8933338
            ],
            [
              151.1837978,
              -33.8932103
            ],
            [
              151.1839088,
              -33.8931557
            ],
            [
              151.184074,
              -33.893098
            ],
            [
              151.1845799,
              -33.8929582
            ],
            [
              151.1849851,
              -33.8928636
            ],
            [
              151.1851131,
              -33.8928355
            ],
            [
              151.1857513,
              -33.8928451
            ],
            [
              151.1875755,
              -33.8938596
            ],
            [
              151.1892587,
              -33.8939038
            ],
            [
              151.1894648,
              -33.8939418
            ],
            [
              151.1894882,
              -33.893995
            ],
            [
              151.1895166,
              -33.8940595
            ],
            [
              151.1895304,
              -33.8940912
            ],
            [
              151.1896822,
              -33.8948864
            ],
            [
              151.1901752,
              -33.8972119
            ],
            [
              151.1912572,
              -33.8967495
            ],
            [
              151.191285,
              -33.8967369
            ],
            [
              151.1918399,
              -33.8966098
            ],
            [
              151.1925681,
              -33.8961968
            ],
            [
              151.1925921,
              -33.8961853
            ],
            [
              151.1926254,
              -33.8961799
            ],
            [
              151.1926704,
              -33.8961791
            ],
            [
              151.1927209,
              -33.896184
            ],
            [
              151.1927572,
              -33.8961911
            ],
            [
              151.192817,
              -33.896216
            ],
            [
              151.1938973,
              -33.8966737
            ],
            [
              151.1945725,
              -33.8971959
            ],
            [
              151.194604,
              -33.8972561
            ],
            [
              151.1946035,
              -33.8975431
            ],
            [
              151.1942936,
              -33.8996656
            ],
            [
              151.1947011,
              -33.9000953
            ],
            [
              151.1947202,
              -33.9017381
            ],
            [
              151.1950667,
              -33.9034308
            ],
            [
              151.1946467,
              -33.9056734
            ],
            [
              151.1942067,
              -33.9055972
            ],
            [
              151.1919796,
              -33.9061787
            ],
            [
              151.1918554,
              -33.906318
            ],
            [
              151.1904333,
              -33.907879
            ],
            [
              151.1901689,
              -33.9080008
            ],
            [
              151.1898046,
              -33.9080372
            ],
            [
              151.1881218,
              -33.9081748
            ],
            [
              151.1861634,
              -33.908648
            ],
            [
              151.184738,
              -33.9094578
            ],
            [
              151.18405,
              -33.9097379
            ],
            [
              151.1840339,
              -33.9097389
            ],
            [
              151.1836448,
              -33.9097276
            ],
            [
              151.1835878,
              -33.9097053
            ],
            [
              151.1835714,
              -33.9096988
            ],
            [
              151.1835571,
              -33.9096913
            ],
            [
              151.1813399,
              -33.908839
            ],
            [
              151.1806356,
              -33.908769
            ],
            [
              151.1805046,
              -33.9072494
            ],
            [
              151.1790755,
              -33.9060339
            ],
            [
              151.1778275,
              -33.906034
            ],
            [
              151.1775752,
              -33.9057888
            ],
            [
              151.1770193,
              -33.904432
            ],
            [
              151.1776058,
              -33.9034362
            ],
            [
              151.1780553,
              -33.9021846
            ],
            [
              151.1779239,
              -33.8998904
            ],
            [
              151.1778194,
              -33.899549
            ],
            [
              151.1777541,
              -33.8993179
            ],
            [
              151.1777451,
              -33.8992812
            ],
            [
              151.1777366,
              -33.899246
            ],
            [
              151.1773428,
              -33.8980473
            ],
            [
              151.1772277,
              -33.897537
            ],
            [
              151.1775082,
              -33.8972826
            ]
          ]
        ],
        "type": "Polygon"
      }
    },
    {
      "type": "Feature",
      "properties": {
        "name": "Isochrone - Waterloo Station",
        "color": "#EC4899",
        "center_point": [
          151.200293,
          -33.897691
        ]
      },
      "geometry": {
        "coordinates": [
          [
            [
              151.1944372,
              -33.8923383
            ],
            [
              151.1957884,
              -33.8907624
            ],
            [
              151.1962169,
              -33.8903587
            ],
            [
              151.1987216,
              -33.8895836
            ],
            [
              151.2002024,
              -33.8888687
            ],
            [
              151.2014281,
              -33.8885258
            ],
            [
              151.2030809,
              -33.8889911
            ],
            [
              151.2044228,
              -33.8901191
            ],
            [
              151.2056377,
              -33.8923458
            ],
            [
              151.2068872,
              -33.8927928
            ],
            [
              151.2072638,
              -33.8928456
            ],
            [
              151.2074108,
              -33.8928678
            ],
            [
              151.2088348,
              -33.8949807
            ],
            [
              151.2097462,
              -33.8964384
            ],
            [
              151.2093757,
              -33.8976132
            ],
            [
              151.2090876,
              -33.9006885
            ],
            [
              151.2070638,
              -33.9028932
            ],
            [
              151.2047199,
              -33.9049856
            ],
            [
              151.2043159,
              -33.9052269
            ],
            [
              151.2030927,
              -33.9058993
            ],
            [
              151.2015201,
              -33.9056684
            ],
            [
              151.1985263,
              -33.9043143
            ],
            [
              151.1962481,
              -33.9037193
            ],
            [
              151.195913,
              -33.903405
            ],
            [
              151.1956682,
              -33.9031142
            ],
            [
              151.1956344,
              -33.9030741
            ],
            [
              151.1955721,
              -33.903
            ],
            [
              151.1946666,
              -33.9017973
            ],
            [
              151.1922348,
              -33.9020932
            ],
            [
              151.1921604,
              -33.9020443
            ],
            [
              151.1920922,
              -33.9019955
            ],
            [
              151.1904842,
              -33.9001173
            ],
            [
              151.1894598,
              -33.8985518
            ],
            [
              151.1893817,
              -33.8981525
            ],
            [
              151.1901522,
              -33.8972949
            ],
            [
              151.1912572,
              -33.8967495
            ],
            [
              151.191285,
              -33.8967369
            ],
            [
              151.1938116,
              -33.8947791
            ],
            [
              151.1944372,
              -33.8923383
            ]
          ]
        ],
        "type": "Polygon"
      }
    },
    {
      "type": "Feature",
      "properties": {
        "name": "Isochrone - Macdonaldtown Station",
        "color": "#4F46E5",
        "center_point": [
          151.186291644,
          -33.8966600168
        ]
      },
      "geometry": {
        "coordinates": [
          [
            [
              151.1775652,
              -33.8938422
            ],
            [
              151.1792476,
              -33.8909915
            ],
            [
              151.1819135,
              -33.8889993
            ],
            [
              151.185511,
              -33.888787
            ],
            [
              151.1860481,
              -33.8882174
            ],
            [
              151.1861728,
              -33.8881257
            ],
            [
              151.1862629,
              -33.8880766
            ],
            [
              151.1888368,
              -33.8882119
            ],
            [
              151.1899775,
              -33.8882919
            ],
            [
              151.1914604,
              -33.8888812
            ],
            [
              151.1925863,
              -33.890087
            ],
            [
              151.1955291,
              -33.8912136
            ],
            [
              151.1966501,
              -33.8918261
            ],
            [
              151.1966363,
              -33.8918831
            ],
            [
              151.1966278,
              -33.8919182
            ],
            [
              151.1963428,
              -33.8924788
            ],
            [
              151.1962972,
              -33.8925199
            ],
            [
              151.1961463,
              -33.8925962
            ],
            [
              151.1960518,
              -33.8926302
            ],
            [
              151.1951338,
              -33.8928083
            ],
            [
              151.195066,
              -33.8928244
            ],
            [
              151.1927307,
              -33.8942087
            ],
            [
              151.1921504,
              -33.8974442
            ],
            [
              151.1922029,
              -33.8976913
            ],
            [
              151.1921785,
              -33.9014646
            ],
            [
              151.1922361,
              -33.9019618
            ],
            [
              151.1921604,
              -33.9020443
            ],
            [
              151.1907719,
              -33.902907
            ],
            [
              151.1876,
              -33.9042087
            ],
            [
              151.1857858,
              -33.905133
            ],
            [
              151.1841422,
              -33.9054882
            ],
            [
              151.1832,
              -33.9055938
            ],
            [
              151.1825639,
              -33.9052981
            ],
            [
              151.1807653,
              -33.9039438
            ],
            [
              151.18075,
              -33.9039124
            ],
            [
              151.1802883,
              -33.9030625
            ],
            [
              151.179769,
              -33.902115
            ],
            [
              151.1772625,
              -33.9004339
            ],
            [
              151.1763987,
              -33.8986415
            ],
            [
              151.1763331,
              -33.8984906
            ],
            [
              151.1758171,
              -33.8972879
            ],
            [
              151.176052,
              -33.8965771
            ],
            [
              151.1775652,
              -33.8938422
            ]
          ]
        ],
        "type": "Polygon"
      }
    },
    {
      "type": "Feature",
      "properties": {
        "name": "Isochrone - Kings Cross Station",
        "color": "#4F46E5",
        "center_point": [
          151.222334239,
          -33.8745409123
        ]
      },
      "geometry": {
        "coordinates": [
          [
            [
              151.212075,
              -33.8732812
            ],
            [
              151.2121548,
              -33.8730496
            ],
            [
              151.2134062,
              -33.8720267
            ],
            [
              151.2136016,
              -33.8718802
            ],
            [
              151.2145201,
              -33.8713298
            ],
            [
              151.2163132,
              -33.8692719
            ],
            [
              151.216445,
              -33.8690678
            ],
            [
              151.2164636,
              -33.869039
            ],
            [
              151.2186679,
              -33.868018
            ],
            [
              151.2197101,
              -33.8674971
            ],
            [
              151.2208059,
              -33.8674674
            ],
            [
              151.2236514,
              -33.8665188
            ],
            [
              151.224176,
              -33.8655334
            ],
            [
              151.2242699,
              -33.8653729
            ],
            [
              151.2246107,
              -33.8648918
            ],
            [
              151.2248022,
              -33.8650135
            ],
            [
              151.2252033,
              -33.8653891
            ],
            [
              151.2252428,
              -33.8654381
            ],
            [
              151.2252583,
              -33.8654677
            ],
            [
              151.225273,
              -33.865503
            ],
            [
              151.2252797,
              -33.8655506
            ],
            [
              151.2267597,
              -33.8683474
            ],
            [
              151.2286511,
              -33.8698775
            ],
            [
              151.2299033,
              -33.8699415
            ],
            [
              151.2299339,
              -33.8699383
            ],
            [
              151.2299655,
              -33.8699397
            ],
            [
              151.2301698,
              -33.8699588
            ],
            [
              151.2306409,
              -33.8721002
            ],
            [
              151.2306444,
              -33.8721418
            ],
            [
              151.2312815,
              -33.8745555
            ],
            [
              151.2321733,
              -33.8753508
            ],
            [
              151.2320673,
              -33.8764162
            ],
            [
              151.2319644,
              -33.8768684
            ],
            [
              151.2319133,
              -33.876863
            ],
            [
              151.2318044,
              -33.8768526
            ],
            [
              151.2309849,
              -33.8768527
            ],
            [
              151.2282628,
              -33.8784739
            ],
            [
              151.2282186,
              -33.8785373
            ],
            [
              151.227779,
              -33.8789909
            ],
            [
              151.2263707,
              -33.8800293
            ],
            [
              151.2250199,
              -33.8817396
            ],
            [
              151.2249169,
              -33.8818348
            ],
            [
              151.2243803,
              -33.8820691
            ],
            [
              151.2235139,
              -33.8823714
            ],
            [
              151.2223364,
              -33.8821186
            ],
            [
              151.2201568,
              -33.8823874
            ],
            [
              151.2193588,
              -33.8825377
            ],
            [
              151.21888,
              -33.882393
            ],
            [
              151.216605,
              -33.8812491
            ],
            [
              151.2160854,
              -33.8798433
            ],
            [
              151.2145877,
              -33.8782219
            ],
            [
              151.2145765,
              -33.8781859
            ],
            [
              151.2134272,
              -33.8757895
            ],
            [
              151.2125556,
              -33.8749611
            ],
            [
              151.2122748,
              -33.8739826
            ],
            [
              151.212075,
              -33.8732812
            ]
          ]
        ],
        "type": "Polygon"
      }
    },
    {
      "type": "Feature",
      "properties": {
        "name": "Isochrone - Green Square Station",
        "color": "#4F46E5",
        "center_point": [
          151.202474466,
          -33.9060625915
        ]
      },
      "geometry": {
        "coordinates": [
          [
            [
              151.1952046,
              -33.9023719
            ],
            [
              151.1961077,
              -33.8996488
            ],
            [
              151.1986892,
              -33.8980216
            ],
            [
              151.200164,
              -33.8974241
            ],
            [
              151.2004034,
              -33.8974413
            ],
            [
              151.2032035,
              -33.8982666
            ],
            [
              151.2039752,
              -33.8982321
            ],
            [
              151.2055613,
              -33.8982575
            ],
            [
              151.2062695,
              -33.898346
            ],
            [
              151.2068556,
              -33.8984371
            ],
            [
              151.20729,
              -33.8985871
            ],
            [
              151.2103609,
              -33.9000262
            ],
            [
              151.2105381,
              -33.9001177
            ],
            [
              151.2110383,
              -33.9009342
            ],
            [
              151.2115492,
              -33.9019323
            ],
            [
              151.2118968,
              -33.9037465
            ],
            [
              151.2120474,
              -33.906989
            ],
            [
              151.2123783,
              -33.9073424
            ],
            [
              151.2122782,
              -33.9074537
            ],
            [
              151.2110493,
              -33.9084053
            ],
            [
              151.2102399,
              -33.9106389
            ],
            [
              151.2100233,
              -33.9118183
            ],
            [
              151.2098764,
              -33.9119575
            ],
            [
              151.2084175,
              -33.912456
            ],
            [
              151.2056039,
              -33.9134053
            ],
            [
              151.2029852,
              -33.9144627
            ],
            [
              151.2004785,
              -33.9156696
            ],
            [
              151.2003867,
              -33.9156494
            ],
            [
              151.1990918,
              -33.9139124
            ],
            [
              151.1968142,
              -33.9144372
            ],
            [
              151.1967941,
              -33.914445
            ],
            [
              151.1967699,
              -33.9144416
            ],
            [
              151.1966895,
              -33.9144194
            ],
            [
              151.1960989,
              -33.9141677
            ],
            [
              151.1960358,
              -33.9141408
            ],
            [
              151.1959582,
              -33.9141076
            ],
            [
              151.1944173,
              -33.9114089
            ],
            [
              151.1941312,
              -33.9108835
            ],
            [
              151.1935872,
              -33.9074236
            ],
            [
              151.1935382,
              -33.9044575
            ],
            [
              151.1935431,
              -33.904323
            ],
            [
              151.1942185,
              -33.9029486
            ],
            [
              151.1952046,
              -33.9023719
            ]
          ]
        ],
        "type": "Polygon"
      }
    },
    {
      "type": "Feature",
      "properties": {
        "name": "Isochrone - Domestic Airport Station",
        "color": "#4F46E5",
        "center_point": [
          151.180785679,
          -33.9336596293
        ]
      },
      "geometry": {
        "coordinates": [
          [
            [
              151.1766393,
              -33.9318068
            ],
            [
              151.1764943,
              -33.931347
            ],
            [
              151.1765543,
              -33.9313249
            ],
            [
              151.1769621,
              -33.9313952
            ],
            [
              151.1772995,
              -33.9314676
            ],
            [
              151.1782641,
              -33.9317363
            ],
            [
              151.1788206,
              -33.931818
            ],
            [
              151.179366,
              -33.9318981
            ],
            [
              151.1799256,
              -33.9320108
            ],
            [
              151.1808646,
              -33.9319671
            ],
            [
              151.1822109,
              -33.9331343
            ],
            [
              151.1836926,
              -33.9321066
            ],
            [
              151.1834953,
              -33.9309666
            ],
            [
              151.1833661,
              -33.9307362
            ],
            [
              151.1832581,
              -33.9304674
            ],
            [
              151.1832196,
              -33.9302306
            ],
            [
              151.1832099,
              -33.9299698
            ],
            [
              151.1832504,
              -33.9297378
            ],
            [
              151.1834259,
              -33.9289169
            ],
            [
              151.183505,
              -33.9284129
            ],
            [
              151.1819112,
              -33.926718
            ],
            [
              151.1820728,
              -33.9266875
            ],
            [
              151.1821972,
              -33.9266908
            ],
            [
              151.1823843,
              -33.9267434
            ],
            [
              151.1828892,
              -33.9270165
            ],
            [
              151.182967,
              -33.9270791
            ],
            [
              151.1831388,
              -33.927223
            ],
            [
              151.1832893,
              -33.9274123
            ],
            [
              151.184808,
              -33.9282128
            ],
            [
              151.1860528,
              -33.927923
            ],
            [
              151.186089,
              -33.9279307
            ],
            [
              151.1871303,
              -33.9282155
            ],
            [
              151.187197,
              -33.9282554
            ],
            [
              151.1873704,
              -33.9285337
            ],
            [
              151.187936,
              -33.929792
            ],
            [
              151.188301,
              -33.9309613
            ],
            [
              151.1890916,
              -33.932716
            ],
            [
              151.1895767,
              -33.9331398
            ],
            [
              151.1892079,
              -33.9330894
            ],
            [
              151.1890233,
              -33.9330643
            ],
            [
              151.1879537,
              -33.9331956
            ],
            [
              151.1865069,
              -33.9348986
            ],
            [
              151.1844547,
              -33.9356776
            ],
            [
              151.1831343,
              -33.9356348
            ],
            [
              151.1825654,
              -33.9355567
            ],
            [
              151.1820989,
              -33.9355439
            ],
            [
              151.181982,
              -33.9355292
            ],
            [
              151.179601,
              -33.9362252
            ],
            [
              151.1795652,
              -33.93647
            ],
            [
              151.1794475,
              -33.9366911
            ],
            [
              151.1792202,
              -33.9369024
            ],
            [
              151.1791162,
              -33.9369902
            ],
            [
              151.1791029,
              -33.9369864
            ],
            [
              151.1771956,
              -33.9358459
            ],
            [
              151.1770327,
              -33.9356907
            ],
            [
              151.1770429,
              -33.9354099
            ],
            [
              151.1771129,
              -33.9349573
            ],
            [
              151.1772193,
              -33.9344432
            ],
            [
              151.1773281,
              -33.9339335
            ],
            [
              151.1766582,
              -33.9318524
            ],
            [
              151.1766393,
              -33.9318068
            ]
          ]
        ],
        "type": "Polygon"
      }
    },
    {
      "type": "Feature",
      "properties": {
        "name": "Isochrone - Redfern Station",
        "color": "#4F46E5",
        "center_point": [
          151.198484708,
          -33.8923698959
        ]
      },
      "geometry": {
        "coordinates": [
          [
            [
              151.1891633,
              -33.8890912
            ],
            [
              151.1896378,
              -33.8882516
            ],
            [
              151.1901403,
              -33.8877853
            ],
            [
              151.1909085,
              -33.8871693
            ],
            [
              151.1926807,
              -33.8859583
            ],
            [
              151.192772,
              -33.8859388
            ],
            [
              151.1953959,
              -33.8854635
            ],
            [
              151.1959694,
              -33.8849321
            ],
            [
              151.197393,
              -33.8846511
            ],
            [
              151.1987979,
              -33.8848431
            ],
            [
              151.2015905,
              -33.8845208
            ],
            [
              151.2029738,
              -33.8847209
            ],
            [
              151.2031386,
              -33.8847736
            ],
            [
              151.203211,
              -33.8848068
            ],
            [
              151.205481,
              -33.8870325
            ],
            [
              151.206222,
              -33.886826
            ],
            [
              151.2067661,
              -33.8886553
            ],
            [
              151.2070097,
              -33.8898028
            ],
            [
              151.2069945,
              -33.8898776
            ],
            [
              151.2074108,
              -33.8928678
            ],
            [
              151.208358,
              -33.8932909
            ],
            [
              151.2083526,
              -33.8933199
            ],
            [
              151.2083376,
              -33.8933877
            ],
            [
              151.208024,
              -33.8948019
            ],
            [
              151.2066152,
              -33.8961284
            ],
            [
              151.2058561,
              -33.8964436
            ],
            [
              151.2039752,
              -33.8982321
            ],
            [
              151.2033784,
              -33.8989438
            ],
            [
              151.2026693,
              -33.8998163
            ],
            [
              151.2012037,
              -33.9014003
            ],
            [
              151.2002814,
              -33.901801
            ],
            [
              151.2000759,
              -33.9018534
            ],
            [
              151.1997242,
              -33.9018623
            ],
            [
              151.1967227,
              -33.9012303
            ],
            [
              151.1935861,
              -33.9004635
            ],
            [
              151.1935015,
              -33.9004106
            ],
            [
              151.1929483,
              -33.9000465
            ],
            [
              151.1924602,
              -33.8994496
            ],
            [
              151.1903004,
              -33.8979759
            ],
            [
              151.1899059,
              -33.8977742
            ],
            [
              151.1876825,
              -33.895567
            ],
            [
              151.1870444,
              -33.8951717
            ],
            [
              151.1875755,
              -33.8938596
            ],
            [
              151.1885018,
              -33.8918847
            ],
            [
              151.1891633,
              -33.8890912
            ]
          ]
        ],
        "type": "Polygon"
      }
    },
    {
      "type": "Feature",
      "properties": {
        "name": "Isochrone - Petersham Station",
        "color": "#4F46E5",
        "center_point": [
          151.155156228,
          -33.8938593952
        ]
      },
      "geometry": {
        "coordinates": [
          [
            [
              151.1448206,
              -33.8939212
            ],
            [
              151.1445362,
              -33.8928559
            ],
            [
              151.1460666,
              -33.8917631
            ],
            [
              151.1473153,
              -33.8901003
            ],
            [
              151.1474405,
              -33.8899588
            ],
            [
              151.1485808,
              -33.8894854
            ],
            [
              151.1493795,
              -33.8883219
            ],
            [
              151.1494777,
              -33.8883374
            ],
            [
              151.1510005,
              -33.8893401
            ],
            [
              151.1523803,
              -33.8881975
            ],
            [
              151.1534234,
              -33.8867178
            ],
            [
              151.1548165,
              -33.8853263
            ],
            [
              151.1563827,
              -33.8852286
            ],
            [
              151.1574205,
              -33.8858967
            ],
            [
              151.1591419,
              -33.885923
            ],
            [
              151.1592022,
              -33.8859248
            ],
            [
              151.1605325,
              -33.8869949
            ],
            [
              151.1615581,
              -33.8871683
            ],
            [
              151.1616426,
              -33.8871853
            ],
            [
              151.1628193,
              -33.8881111
            ],
            [
              151.1644321,
              -33.8886683
            ],
            [
              151.1651571,
              -33.8890579
            ],
            [
              151.1656572,
              -33.8899133
            ],
            [
              151.1661105,
              -33.8907946
            ],
            [
              151.1670736,
              -33.8927803
            ],
            [
              151.1674431,
              -33.8934337
            ],
            [
              151.1677031,
              -33.8952091
            ],
            [
              151.167392,
              -33.895919
            ],
            [
              151.16711,
              -33.896307
            ],
            [
              151.1660107,
              -33.8976834
            ],
            [
              151.1653208,
              -33.8974173
            ],
            [
              151.163485,
              -33.8972828
            ],
            [
              151.1632704,
              -33.897285
            ],
            [
              151.1624054,
              -33.8973771
            ],
            [
              151.1609335,
              -33.8986389
            ],
            [
              151.1594962,
              -33.9006341
            ],
            [
              151.1585746,
              -33.9007938
            ],
            [
              151.1580744,
              -33.9005816
            ],
            [
              151.1558169,
              -33.9011029
            ],
            [
              151.1534919,
              -33.9017737
            ],
            [
              151.1532963,
              -33.9017664
            ],
            [
              151.1514568,
              -33.9014005
            ],
            [
              151.1510652,
              -33.9012877
            ],
            [
              151.1506293,
              -33.9011346
            ],
            [
              151.1506342,
              -33.9010758
            ],
            [
              151.1506366,
              -33.9010474
            ],
            [
              151.1507391,
              -33.8996627
            ],
            [
              151.1493369,
              -33.8986819
            ],
            [
              151.1492338,
              -33.8986769
            ],
            [
              151.1471005,
              -33.8977437
            ],
            [
              151.1470375,
              -33.8976914
            ],
            [
              151.1469593,
              -33.8976265
            ],
            [
              151.1464053,
              -33.8969549
            ],
            [
              151.1451427,
              -33.8956912
            ],
            [
              151.1450571,
              -33.8955973
            ],
            [
              151.1448206,
              -33.8939212
            ]
          ]
        ],
        "type": "Polygon"
      }
    },
    {
      "type": "Feature",
      "properties": {
        "name": "Isochrone - Town Hall Station",
        "color": "#4F46E5",
        "center_point": [
          151.206899293,
          -33.8735963257
        ]
      },
      "geometry": {
        "coordinates": [
          [
            [
              151.1970798,
              -33.8699046
            ],
            [
              151.1970707,
              -33.8698139
            ],
            [
              151.1976999,
              -33.8694582
            ],
            [
              151.1992109,
              -33.869516
            ],
            [
              151.2008732,
              -33.8675637
            ],
            [
              151.2009385,
              -33.8671981
            ],
            [
              151.2016795,
              -33.8664004
            ],
            [
              151.2034147,
              -33.8648642
            ],
            [
              151.205288,
              -33.8637138
            ],
            [
              151.2071358,
              -33.8632945
            ],
            [
              151.2075151,
              -33.863249
            ],
            [
              151.2075325,
              -33.8632493
            ],
            [
              151.2076212,
              -33.8632509
            ],
            [
              151.2103378,
              -33.864335
            ],
            [
              151.2103716,
              -33.8643498
            ],
            [
              151.2125119,
              -33.8666518
            ],
            [
              151.2136116,
              -33.8678567
            ],
            [
              151.2152757,
              -33.8692391
            ],
            [
              151.2153749,
              -33.8693361
            ],
            [
              151.2166115,
              -33.8711478
            ],
            [
              151.2167571,
              -33.872311
            ],
            [
              151.2180891,
              -33.8745598
            ],
            [
              151.2181223,
              -33.8747337
            ],
            [
              151.2180797,
              -33.8749299
            ],
            [
              151.2165773,
              -33.8775521
            ],
            [
              151.2155676,
              -33.8793786
            ],
            [
              151.213879,
              -33.8794989
            ],
            [
              151.2114527,
              -33.8803034
            ],
            [
              151.2101542,
              -33.8812971
            ],
            [
              151.2077062,
              -33.8823965
            ],
            [
              151.2070762,
              -33.8826583
            ],
            [
              151.2047039,
              -33.8831292
            ],
            [
              151.2032127,
              -33.8833961
            ],
            [
              151.2008473,
              -33.88147
            ],
            [
              151.2008355,
              -33.8814593
            ],
            [
              151.2004297,
              -33.8789842
            ],
            [
              151.1985569,
              -33.8779001
            ],
            [
              151.197278,
              -33.876617
            ],
            [
              151.1954985,
              -33.875932
            ],
            [
              151.1953654,
              -33.8758827
            ],
            [
              151.1952359,
              -33.8756493
            ],
            [
              151.1961373,
              -33.8733225
            ],
            [
              151.1973928,
              -33.8721975
            ],
            [
              151.1970798,
              -33.8699046
            ]
          ]
        ],
        "type": "Polygon"
      }
    },
    {
      "type": "Feature",
      "properties": {
        "name": "Isochrone - Crows Nest Station",
        "color": "#EC4899",
        "center_point": [
          151.199071,
          -33.825623
        ]
      },
      "geometry": {
        "coordinates": [
          [
            [
              151.1898547,
              -33.8219548
            ],
            [
              151.1903326,
              -33.820766
            ],
            [
              151.1922808,
              -33.8191827
            ],
            [
              151.1926997,
              -33.8185253
            ],
            [
              151.192762,
              -33.8184466
            ],
            [
              151.1936321,
              -33.8175028
            ],
            [
              151.1942882,
              -33.8175767
            ],
            [
              151.1960006,
              -33.8176699
            ],
            [
              151.1981355,
              -33.8174524
            ],
            [
              151.2000508,
              -33.8175844
            ],
            [
              151.201261,
              -33.8170876
            ],
            [
              151.2015089,
              -33.8171669
            ],
            [
              151.2030948,
              -33.8190111
            ],
            [
              151.2048981,
              -33.8202966
            ],
            [
              151.2048516,
              -33.8205334
            ],
            [
              151.2058987,
              -33.8228537
            ],
            [
              151.206026,
              -33.8229367
            ],
            [
              151.2074446,
              -33.8238021
            ],
            [
              151.2086291,
              -33.8248154
            ],
            [
              151.2097256,
              -33.8269924
            ],
            [
              151.2091099,
              -33.8290752
            ],
            [
              151.2087771,
              -33.8290923
            ],
            [
              151.2066418,
              -33.8306135
            ],
            [
              151.2066255,
              -33.8306846
            ],
            [
              151.2056018,
              -33.8325027
            ],
            [
              151.2048923,
              -33.8337407
            ],
            [
              151.2048169,
              -33.8336935
            ],
            [
              151.2043046,
              -33.8332962
            ],
            [
              151.2020058,
              -33.8328108
            ],
            [
              151.2014192,
              -33.8329975
            ],
            [
              151.2006081,
              -33.8332487
            ],
            [
              151.2004709,
              -33.833294
            ],
            [
              151.2003962,
              -33.8333193
            ],
            [
              151.2003805,
              -33.8333245
            ],
            [
              151.1998826,
              -33.8334892
            ],
            [
              151.1978457,
              -33.8339729
            ],
            [
              151.1977963,
              -33.8339849
            ],
            [
              151.1977622,
              -33.8339665
            ],
            [
              151.1965045,
              -33.8333021
            ],
            [
              151.1963183,
              -33.8331825
            ],
            [
              151.19411,
              -33.8318478
            ],
            [
              151.192898,
              -33.8320285
            ],
            [
              151.1927838,
              -33.8320541
            ],
            [
              151.1914371,
              -33.8308511
            ],
            [
              151.191118,
              -33.8300802
            ],
            [
              151.191124,
              -33.8300359
            ],
            [
              151.1911531,
              -33.8299583
            ],
            [
              151.191198,
              -33.8298793
            ],
            [
              151.1912366,
              -33.8298051
            ],
            [
              151.1901736,
              -33.8273804
            ],
            [
              151.1896609,
              -33.8273099
            ],
            [
              151.1896708,
              -33.8272544
            ],
            [
              151.1896759,
              -33.8272256
            ],
            [
              151.1891646,
              -33.8248051
            ],
            [
              151.1887245,
              -33.8244367
            ],
            [
              151.1887639,
              -33.8236917
            ],
            [
              151.1887818,
              -33.8235444
            ],
            [
              151.1888547,
              -33.8233915
            ],
            [
              151.1898547,
              -33.8219548
            ]
          ]
        ],
        "type": "Polygon"
      }
    },
    {
      "type": "Feature",
      "properties": {
        "name": "Isochrone - Barangaroo Station",
        "color": "#EC4899",
        "center_point": [
          151.202638,
          -33.859641
        ]
      },
      "geometry": {
        "coordinates": [
          [
            [
              151.2005568,
              -33.8558026
            ],
            [
              151.2006,
              -33.8557527
            ],
            [
              151.2006299,
              -33.8557211
            ],
            [
              151.2006679,
              -33.8556895
            ],
            [
              151.200721,
              -33.8556619
            ],
            [
              151.2007656,
              -33.8556423
            ],
            [
              151.2008042,
              -33.855629
            ],
            [
              151.2020134,
              -33.8553206
            ],
            [
              151.2021107,
              -33.855313
            ],
            [
              151.2035268,
              -33.8551939
            ],
            [
              151.2052626,
              -33.8543015
            ],
            [
              151.2062811,
              -33.8538807
            ],
            [
              151.2066086,
              -33.8537835
            ],
            [
              151.208099,
              -33.8535195
            ],
            [
              151.2083722,
              -33.8535428
            ],
            [
              151.2084642,
              -33.8535549
            ],
            [
              151.2086173,
              -33.8535867
            ],
            [
              151.2097577,
              -33.8542533
            ],
            [
              151.209824,
              -33.8543096
            ],
            [
              151.2098838,
              -33.8543772
            ],
            [
              151.2101406,
              -33.8547572
            ],
            [
              151.210283,
              -33.8550402
            ],
            [
              151.2097564,
              -33.8552281
            ],
            [
              151.20969,
              -33.857343
            ],
            [
              151.2097202,
              -33.8573969
            ],
            [
              151.2098265,
              -33.8575835
            ],
            [
              151.2097646,
              -33.8597466
            ],
            [
              151.2096779,
              -33.861073
            ],
            [
              151.2090496,
              -33.8631219
            ],
            [
              151.2093771,
              -33.8636612
            ],
            [
              151.2090871,
              -33.8646682
            ],
            [
              151.2087402,
              -33.8652586
            ],
            [
              151.2071291,
              -33.8666287
            ],
            [
              151.2059896,
              -33.8676891
            ],
            [
              151.2046985,
              -33.8688349
            ],
            [
              151.2046795,
              -33.8688391
            ],
            [
              151.2032869,
              -33.8690733
            ],
            [
              151.2020295,
              -33.8689168
            ],
            [
              151.201533,
              -33.8686938
            ],
            [
              151.2013802,
              -33.8685407
            ],
            [
              151.2011998,
              -33.868256
            ],
            [
              151.2008828,
              -33.8676404
            ],
            [
              151.200876,
              -33.8675899
            ],
            [
              151.2008732,
              -33.8675637
            ],
            [
              151.2008234,
              -33.8668047
            ],
            [
              151.2003887,
              -33.8649085
            ],
            [
              151.2003864,
              -33.8648994
            ],
            [
              151.2003221,
              -33.8643139
            ],
            [
              151.2003077,
              -33.8641662
            ],
            [
              151.2003543,
              -33.8637214
            ],
            [
              151.2004096,
              -33.8616424
            ],
            [
              151.2003681,
              -33.8600648
            ],
            [
              151.2002676,
              -33.857823
            ],
            [
              151.2002642,
              -33.8577498
            ],
            [
              151.2002665,
              -33.8577095
            ],
            [
              151.2004416,
              -33.8563125
            ],
            [
              151.2004885,
              -33.8559752
            ],
            [
              151.2004969,
              -33.8559337
            ],
            [
              151.2005173,
              -33.8558745
            ],
            [
              151.2005344,
              -33.855838
            ],
            [
              151.2005568,
              -33.8558026
            ]
          ]
        ],
        "type": "Polygon"
      }
    },
    {
      "type": "Feature",
      "properties": {
        "name": "Isochrone - Milsons Point Station",
        "color": "#4F46E5",
        "center_point": [
          151.21182505,
          -33.8458927727
        ]
      },
      "geometry": {
        "coordinates": [
          [
            [
              151.2024857,
              -33.8416807
            ],
            [
              151.2025081,
              -33.8416279
            ],
            [
              151.202865,
              -33.8417489
            ],
            [
              151.2057343,
              -33.8403613
            ],
            [
              151.2059213,
              -33.8390891
            ],
            [
              151.2059817,
              -33.8387761
            ],
            [
              151.2060229,
              -33.8386309
            ],
            [
              151.2067367,
              -33.8379756
            ],
            [
              151.2071849,
              -33.8378813
            ],
            [
              151.2099792,
              -33.8373325
            ],
            [
              151.2100258,
              -33.837366
            ],
            [
              151.2132652,
              -33.8378623
            ],
            [
              151.2139401,
              -33.8377826
            ],
            [
              151.2164095,
              -33.8381728
            ],
            [
              151.2189296,
              -33.8400526
            ],
            [
              151.2179031,
              -33.8409672
            ],
            [
              151.2180525,
              -33.8436591
            ],
            [
              151.2181333,
              -33.8437869
            ],
            [
              151.2187598,
              -33.8445479
            ],
            [
              151.2188413,
              -33.8447042
            ],
            [
              151.2193067,
              -33.8476082
            ],
            [
              151.2204926,
              -33.8493903
            ],
            [
              151.2197716,
              -33.8509323
            ],
            [
              151.2197223,
              -33.8509954
            ],
            [
              151.2185231,
              -33.8516533
            ],
            [
              151.2170734,
              -33.8518201
            ],
            [
              151.2170354,
              -33.8518061
            ],
            [
              151.2169482,
              -33.8517617
            ],
            [
              151.2164997,
              -33.8512045
            ],
            [
              151.2157289,
              -33.850584
            ],
            [
              151.2127364,
              -33.850866
            ],
            [
              151.2127139,
              -33.8508744
            ],
            [
              151.2126315,
              -33.8508722
            ],
            [
              151.2125273,
              -33.8508587
            ],
            [
              151.2124675,
              -33.8508491
            ],
            [
              151.2124191,
              -33.8508361
            ],
            [
              151.2123652,
              -33.8508048
            ],
            [
              151.2111704,
              -33.8500173
            ],
            [
              151.2104494,
              -33.8493116
            ],
            [
              151.2097345,
              -33.8486258
            ],
            [
              151.2093936,
              -33.8478894
            ],
            [
              151.2093327,
              -33.8475661
            ],
            [
              151.2093527,
              -33.8473665
            ],
            [
              151.2093571,
              -33.8472378
            ],
            [
              151.2094113,
              -33.8467822
            ],
            [
              151.209429,
              -33.8461504
            ],
            [
              151.2068588,
              -33.8446016
            ],
            [
              151.2062099,
              -33.8450292
            ],
            [
              151.2056279,
              -33.8456752
            ],
            [
              151.2052224,
              -33.8466186
            ],
            [
              151.2051712,
              -33.8466879
            ],
            [
              151.2040181,
              -33.8456152
            ],
            [
              151.2027258,
              -33.8438895
            ],
            [
              151.2027176,
              -33.8438636
            ],
            [
              151.2024857,
              -33.8416807
            ]
          ]
        ],
        "type": "Polygon"
      }
    },
    {
      "type": "Feature",
      "properties": {
        "name": "Isochrone - Stanmore Station",
        "color": "#4F46E5",
        "center_point": [
          151.164009338,
          -33.8945488499
        ]
      },
      "geometry": {
        "coordinates": [
          [
            [
              151.1530635,
              -33.8935335
            ],
            [
              151.1531126,
              -33.8919115
            ],
            [
              151.1543276,
              -33.8909726
            ],
            [
              151.155017,
              -33.8910135
            ],
            [
              151.1564238,
              -33.8899121
            ],
            [
              151.1564828,
              -33.8898324
            ],
            [
              151.1564961,
              -33.8898166
            ],
            [
              151.156566,
              -33.8897509
            ],
            [
              151.1578104,
              -33.8891983
            ],
            [
              151.1584515,
              -33.8884892
            ],
            [
              151.1588991,
              -33.8878743
            ],
            [
              151.1595911,
              -33.887242
            ],
            [
              151.1601045,
              -33.8870762
            ],
            [
              151.161764,
              -33.8861878
            ],
            [
              151.1618567,
              -33.8862065
            ],
            [
              151.1638135,
              -33.8865468
            ],
            [
              151.1641612,
              -33.8863234
            ],
            [
              151.1647726,
              -33.8864954
            ],
            [
              151.1666333,
              -33.8870288
            ],
            [
              151.1680232,
              -33.8868772
            ],
            [
              151.1682901,
              -33.8868293
            ],
            [
              151.1683542,
              -33.8868232
            ],
            [
              151.1684065,
              -33.8868182
            ],
            [
              151.1686991,
              -33.8867981
            ],
            [
              151.1695467,
              -33.8876521
            ],
            [
              151.171658,
              -33.8877229
            ],
            [
              151.1720605,
              -33.8877998
            ],
            [
              151.1728523,
              -33.8895209
            ],
            [
              151.17328,
              -33.8903355
            ],
            [
              151.1743029,
              -33.8913063
            ],
            [
              151.1743233,
              -33.8913252
            ],
            [
              151.1744602,
              -33.8917025
            ],
            [
              151.1744805,
              -33.8917585
            ],
            [
              151.1755727,
              -33.8937353
            ],
            [
              151.175694,
              -33.8940139
            ],
            [
              151.1756919,
              -33.8957354
            ],
            [
              151.1753908,
              -33.8966962
            ],
            [
              151.1753666,
              -33.8967675
            ],
            [
              151.1751226,
              -33.8970324
            ],
            [
              151.1738412,
              -33.898406
            ],
            [
              151.1729495,
              -33.899301
            ],
            [
              151.1717072,
              -33.8998645
            ],
            [
              151.17066,
              -33.900156
            ],
            [
              151.1705843,
              -33.9001122
            ],
            [
              151.1689389,
              -33.899824
            ],
            [
              151.1677945,
              -33.9012971
            ],
            [
              151.1659338,
              -33.90188
            ],
            [
              151.1638629,
              -33.9015622
            ],
            [
              151.1635977,
              -33.9022166
            ],
            [
              151.1635545,
              -33.9022956
            ],
            [
              151.1635243,
              -33.9023496
            ],
            [
              151.1634919,
              -33.9023593
            ],
            [
              151.1634279,
              -33.902335
            ],
            [
              151.163385,
              -33.9022279
            ],
            [
              151.1631556,
              -33.9005401
            ],
            [
              151.1621186,
              -33.9001046
            ],
            [
              151.1613633,
              -33.8987841
            ],
            [
              151.1594533,
              -33.8998533
            ],
            [
              151.1594962,
              -33.9006341
            ],
            [
              151.1594497,
              -33.9006968
            ],
            [
              151.1585746,
              -33.9007938
            ],
            [
              151.1577122,
              -33.8999655
            ],
            [
              151.1576308,
              -33.8998415
            ],
            [
              151.1567987,
              -33.8985902
            ],
            [
              151.1557779,
              -33.8983125
            ],
            [
              151.1544242,
              -33.8968788
            ],
            [
              151.1540654,
              -33.8963188
            ],
            [
              151.1526814,
              -33.8949156
            ],
            [
              151.1526178,
              -33.8947686
            ],
            [
              151.1525639,
              -33.8945921
            ],
            [
              151.1530635,
              -33.8935335
            ]
          ]
        ],
        "type": "Polygon"
      }
    },
    {
      "type": "Feature",
      "properties": {
        "name": "Isochrone - St Peters Station",
        "color": "#4F46E5",
        "center_point": [
          151.180267452,
          -33.9073952028
        ]
      },
      "geometry": {
        "coordinates": [
          [
            [
              151.1765799,
              -33.8998716
            ],
            [
              151.1768137,
              -33.8994171
            ],
            [
              151.1780271,
              -33.8985082
            ],
            [
              151.181143,
              -33.8982653
            ],
            [
              151.1838276,
              -33.899556
            ],
            [
              151.1844286,
              -33.8997178
            ],
            [
              151.1858814,
              -33.9014726
            ],
            [
              151.1880554,
              -33.9032461
            ],
            [
              151.1903841,
              -33.9051912
            ],
            [
              151.1914427,
              -33.9059529
            ],
            [
              151.1917131,
              -33.9062514
            ],
            [
              151.1922594,
              -33.9091418
            ],
            [
              151.1909396,
              -33.9091696
            ],
            [
              151.1878453,
              -33.9106395
            ],
            [
              151.1875661,
              -33.9111143
            ],
            [
              151.1875274,
              -33.9111802
            ],
            [
              151.1873625,
              -33.9114321
            ],
            [
              151.1861139,
              -33.9135487
            ],
            [
              151.1858591,
              -33.9139381
            ],
            [
              151.1845964,
              -33.9154589
            ],
            [
              151.1843208,
              -33.9154489
            ],
            [
              151.1839028,
              -33.9153312
            ],
            [
              151.1833506,
              -33.9149139
            ],
            [
              151.1811684,
              -33.9140234
            ],
            [
              151.1794121,
              -33.914381
            ],
            [
              151.177996,
              -33.9150359
            ],
            [
              151.1779482,
              -33.9150575
            ],
            [
              151.1778895,
              -33.9150701
            ],
            [
              151.1776397,
              -33.9150827
            ],
            [
              151.1768635,
              -33.9150613
            ],
            [
              151.175861,
              -33.9149943
            ],
            [
              151.1758283,
              -33.9149485
            ],
            [
              151.1745719,
              -33.9128345
            ],
            [
              151.1718982,
              -33.9127326
            ],
            [
              151.171782,
              -33.9126091
            ],
            [
              151.1706234,
              -33.9094415
            ],
            [
              151.1705195,
              -33.9080863
            ],
            [
              151.1721479,
              -33.9052515
            ],
            [
              151.1724183,
              -33.9047617
            ],
            [
              151.172455,
              -33.9046951
            ],
            [
              151.1747182,
              -33.9024901
            ],
            [
              151.1765799,
              -33.8998716
            ]
          ]
        ],
        "type": "Polygon"
      }
    },
    {
      "type": "Feature",
      "properties": {
        "name": "Isochrone - Victoria Cross Station",
        "color": "#EC4899",
        "center_point": [
          151.20743,
          -33.835876
        ]
      },
      "geometry": {
        "coordinates": [
          [
            [
              151.2024324,
              -33.8321249
            ],
            [
              151.2027476,
              -33.8312654
            ],
            [
              151.2030294,
              -33.8310719
            ],
            [
              151.2030523,
              -33.8310613
            ],
            [
              151.203432,
              -33.8311194
            ],
            [
              151.2041881,
              -33.8314919
            ],
            [
              151.206051,
              -33.8305264
            ],
            [
              151.2079345,
              -33.8303894
            ],
            [
              151.2088322,
              -33.82957
            ],
            [
              151.2088942,
              -33.8294789
            ],
            [
              151.2089411,
              -33.8294132
            ],
            [
              151.2089854,
              -33.8293658
            ],
            [
              151.2090464,
              -33.8293135
            ],
            [
              151.2092721,
              -33.8291972
            ],
            [
              151.2106024,
              -33.8304104
            ],
            [
              151.2112004,
              -33.8309773
            ],
            [
              151.2108959,
              -33.8316076
            ],
            [
              151.2113395,
              -33.8334188
            ],
            [
              151.2122785,
              -33.8337536
            ],
            [
              151.2123236,
              -33.8337695
            ],
            [
              151.2123455,
              -33.8337772
            ],
            [
              151.2121655,
              -33.8341573
            ],
            [
              151.2126471,
              -33.8361004
            ],
            [
              151.2132652,
              -33.8378623
            ],
            [
              151.2138262,
              -33.8382747
            ],
            [
              151.2139555,
              -33.8384325
            ],
            [
              151.2144443,
              -33.8397941
            ],
            [
              151.2138241,
              -33.8415704
            ],
            [
              151.2136086,
              -33.8426638
            ],
            [
              151.2114698,
              -33.8429585
            ],
            [
              151.2108471,
              -33.8443191
            ],
            [
              151.2108413,
              -33.8443294
            ],
            [
              151.2107636,
              -33.8444179
            ],
            [
              151.2106925,
              -33.8444547
            ],
            [
              151.2096208,
              -33.8445096
            ],
            [
              151.2085739,
              -33.8445081
            ],
            [
              151.2079088,
              -33.844477
            ],
            [
              151.2067619,
              -33.8445695
            ],
            [
              151.2047951,
              -33.8454571
            ],
            [
              151.2047801,
              -33.8454676
            ],
            [
              151.2041286,
              -33.8454115
            ],
            [
              151.2027258,
              -33.8438895
            ],
            [
              151.2027176,
              -33.8438636
            ],
            [
              151.2028784,
              -33.8426833
            ],
            [
              151.2018167,
              -33.8413859
            ],
            [
              151.2014408,
              -33.8412521
            ],
            [
              151.2005529,
              -33.8400894
            ],
            [
              151.2009346,
              -33.8389393
            ],
            [
              151.2003391,
              -33.8367836
            ],
            [
              151.2003134,
              -33.8367067
            ],
            [
              151.2006893,
              -33.8362655
            ],
            [
              151.201438,
              -33.8341263
            ],
            [
              151.2024324,
              -33.8321249
            ]
          ]
        ],
        "type": "Polygon"
      }
    },
    {
      "type": "Feature",
      "properties": {
        "name": "Isochrone - Edgecliff Station",
        "color": "#4F46E5",
        "center_point": [
          151.23616135,
          -33.8792514754
        ]
      },
      "geometry": {
        "coordinates": [
          [
            [
              151.2254976,
              -33.8766053
            ],
            [
              151.225992,
              -33.8759664
            ],
            [
              151.2263929,
              -33.8756695
            ],
            [
              151.2281806,
              -33.873832
            ],
            [
              151.2282551,
              -33.8737674
            ],
            [
              151.2285251,
              -33.8735374
            ],
            [
              151.2291071,
              -33.8733472
            ],
            [
              151.2301881,
              -33.8734957
            ],
            [
              151.2302559,
              -33.8736037
            ],
            [
              151.2303403,
              -33.8737296
            ],
            [
              151.2304174,
              -33.8738333
            ],
            [
              151.231124,
              -33.8744738
            ],
            [
              151.2334273,
              -33.8741185
            ],
            [
              151.2336538,
              -33.8738696
            ],
            [
              151.2341594,
              -33.8732967
            ],
            [
              151.23533,
              -33.8714025
            ],
            [
              151.2362873,
              -33.8705956
            ],
            [
              151.2363027,
              -33.870589
            ],
            [
              151.2383495,
              -33.870669
            ],
            [
              151.2394224,
              -33.8727283
            ],
            [
              151.2408502,
              -33.8724063
            ],
            [
              151.2408979,
              -33.872426
            ],
            [
              151.2424763,
              -33.8734845
            ],
            [
              151.2434333,
              -33.8749456
            ],
            [
              151.2453704,
              -33.8761123
            ],
            [
              151.2455454,
              -33.8762672
            ],
            [
              151.2455894,
              -33.8763062
            ],
            [
              151.2462894,
              -33.8780711
            ],
            [
              151.2462994,
              -33.8781018
            ],
            [
              151.2463111,
              -33.878162
            ],
            [
              151.245964,
              -33.8790686
            ],
            [
              151.2455882,
              -33.879836
            ],
            [
              151.2448107,
              -33.8811643
            ],
            [
              151.2447144,
              -33.8811979
            ],
            [
              151.2445341,
              -33.8812751
            ],
            [
              151.243561,
              -33.8840127
            ],
            [
              151.2437864,
              -33.88419
            ],
            [
              151.2439036,
              -33.8842708
            ],
            [
              151.2440759,
              -33.8843757
            ],
            [
              151.2417448,
              -33.8861109
            ],
            [
              151.2412908,
              -33.886618
            ],
            [
              151.2400681,
              -33.8880073
            ],
            [
              151.2398647,
              -33.8880408
            ],
            [
              151.2378775,
              -33.8883154
            ],
            [
              151.2369758,
              -33.8880566
            ],
            [
              151.2347353,
              -33.8877772
            ],
            [
              151.2342673,
              -33.8866577
            ],
            [
              151.2314768,
              -33.8859192
            ],
            [
              151.2298255,
              -33.8852241
            ],
            [
              151.2281007,
              -33.8832879
            ],
            [
              151.2270587,
              -33.8822786
            ],
            [
              151.2265791,
              -33.8799056
            ],
            [
              151.2261565,
              -33.8787503
            ],
            [
              151.2261399,
              -33.8786984
            ],
            [
              151.2255002,
              -33.8768077
            ],
            [
              151.2254977,
              -33.8766371
            ],
            [
              151.2254976,
              -33.8766053
            ]
          ]
        ],
        "type": "Polygon"
      }
    },
    {
      "type": "Feature",
      "properties": {
        "name": "Isochrone - International Airport Station",
        "color": "#4F46E5",
        "center_point": [
          151.165891276,
          -33.9349882286
        ]
      },
      "geometry": {
        "coordinates": [
          [
            [
              151.1579231,
              -33.9344279
            ],
            [
              151.1578694,
              -33.9343906
            ],
            [
              151.158708,
              -33.9336603
            ],
            [
              151.1589984,
              -33.9336138
            ],
            [
              151.1613242,
              -33.9337394
            ],
            [
              151.1629624,
              -33.9322571
            ],
            [
              151.16293,
              -33.9298527
            ],
            [
              151.162982,
              -33.9298439
            ],
            [
              151.1630477,
              -33.9298396
            ],
            [
              151.1630962,
              -33.9298391
            ],
            [
              151.1631463,
              -33.9298519
            ],
            [
              151.1640769,
              -33.9305894
            ],
            [
              151.1638067,
              -33.9309567
            ],
            [
              151.1639968,
              -33.9338099
            ],
            [
              151.1661009,
              -33.9339596
            ],
            [
              151.1675234,
              -33.9341134
            ],
            [
              151.1678278,
              -33.9343588
            ],
            [
              151.1695455,
              -33.9362424
            ],
            [
              151.1702372,
              -33.9363173
            ],
            [
              151.1702681,
              -33.9363161
            ],
            [
              151.1703514,
              -33.9365055
            ],
            [
              151.1703012,
              -33.9365762
            ],
            [
              151.1696562,
              -33.9393826
            ],
            [
              151.1694203,
              -33.939476
            ],
            [
              151.1693905,
              -33.9394831
            ],
            [
              151.16658,
              -33.9400095
            ],
            [
              151.1639414,
              -33.9403771
            ],
            [
              151.1635266,
              -33.9403556
            ],
            [
              151.1629039,
              -33.9379722
            ],
            [
              151.1628989,
              -33.9379384
            ],
            [
              151.1628693,
              -33.9376249
            ],
            [
              151.1628696,
              -33.9376002
            ],
            [
              151.1628669,
              -33.9373097
            ],
            [
              151.1628581,
              -33.9371783
            ],
            [
              151.1625264,
              -33.9349958
            ],
            [
              151.1600396,
              -33.933965
            ],
            [
              151.1597202,
              -33.9340217
            ],
            [
              151.1591664,
              -33.9341113
            ],
            [
              151.1589104,
              -33.9341726
            ],
            [
              151.1586267,
              -33.9342489
            ],
            [
              151.1583695,
              -33.9343295
            ],
            [
              151.1579231,
              -33.9344279
            ]
          ]
        ],
        "type": "Polygon"
      }
    },
    {
      "type": "Feature",
      "properties": {
        "name": "Isochrone - Gadigal Station",
        "color": "#EC4899",
        "center_point": [
          151.208509,
          -33.873866
        ]
      },
      "geometry": {
        "coordinates": [
          [
            [
              151.2010904,
              -33.8696236
            ],
            [
              151.2015654,
              -33.86902
            ],
            [
              151.2034445,
              -33.8673411
            ],
            [
              151.2042617,
              -33.866526
            ],
            [
              151.2052929,
              -33.8655653
            ],
            [
              151.205844,
              -33.865237
            ],
            [
              151.2074204,
              -33.864589
            ],
            [
              151.2074466,
              -33.8645898
            ],
            [
              151.2074806,
              -33.864591
            ],
            [
              151.2095499,
              -33.8644108
            ],
            [
              151.2104494,
              -33.8641698
            ],
            [
              151.2110789,
              -33.8642893
            ],
            [
              151.2116994,
              -33.8645081
            ],
            [
              151.2124913,
              -33.8651046
            ],
            [
              151.2129232,
              -33.8654158
            ],
            [
              151.2137488,
              -33.8661999
            ],
            [
              151.2156917,
              -33.8671721
            ],
            [
              151.2157906,
              -33.8672011
            ],
            [
              151.215988,
              -33.8672639
            ],
            [
              151.2161832,
              -33.8673213
            ],
            [
              151.2164309,
              -33.8674042
            ],
            [
              151.2166741,
              -33.8675063
            ],
            [
              151.2172538,
              -33.8677594
            ],
            [
              151.2173694,
              -33.8678449
            ],
            [
              151.2181065,
              -33.8699606
            ],
            [
              151.2185759,
              -33.8723436
            ],
            [
              151.21881,
              -33.8730459
            ],
            [
              151.220393,
              -33.874912
            ],
            [
              151.2190559,
              -33.8753842
            ],
            [
              151.2179842,
              -33.8777043
            ],
            [
              151.2179713,
              -33.8777668
            ],
            [
              151.2172217,
              -33.878698
            ],
            [
              151.2168129,
              -33.880385
            ],
            [
              151.2148004,
              -33.8807372
            ],
            [
              151.2136988,
              -33.88071
            ],
            [
              151.2116804,
              -33.8813427
            ],
            [
              151.210803,
              -33.8821671
            ],
            [
              151.2090441,
              -33.8826967
            ],
            [
              151.208606,
              -33.8827346
            ],
            [
              151.2074697,
              -33.8827484
            ],
            [
              151.2058176,
              -33.8823729
            ],
            [
              151.2043864,
              -33.8819307
            ],
            [
              151.2025538,
              -33.8807889
            ],
            [
              151.2024814,
              -33.8806686
            ],
            [
              151.2022189,
              -33.879288
            ],
            [
              151.2012067,
              -33.8773875
            ],
            [
              151.199798,
              -33.8768988
            ],
            [
              151.1994599,
              -33.8767178
            ],
            [
              151.1979916,
              -33.8748305
            ],
            [
              151.1989036,
              -33.8731234
            ],
            [
              151.1990414,
              -33.8729716
            ],
            [
              151.1991597,
              -33.8729092
            ],
            [
              151.1997407,
              -33.8727373
            ],
            [
              151.2017593,
              -33.8723162
            ],
            [
              151.2010658,
              -33.869777
            ],
            [
              151.2010904,
              -33.8696236
            ]
          ]
        ],
        "type": "Polygon"
      }
    },
    {
      "type": "Feature",
      "properties": {
        "name": "Isochrone - Wynyard Station",
        "color": "#4F46E5",
        "center_point": [
          151.205789333,
          -33.8658979945
        ]
      },
      "geometry": {
        "coordinates": [
          [
            [
              151.2015736,
              -33.8579289
            ],
            [
              151.2024226,
              -33.856978
            ],
            [
              151.2033667,
              -33.8569013
            ],
            [
              151.2037144,
              -33.8569668
            ],
            [
              151.203983,
              -33.8570783
            ],
            [
              151.2039841,
              -33.8571326
            ],
            [
              151.2040937,
              -33.857568
            ],
            [
              151.2058983,
              -33.8576572
            ],
            [
              151.2062639,
              -33.8574886
            ],
            [
              151.20744,
              -33.8564542
            ],
            [
              151.2074562,
              -33.8564428
            ],
            [
              151.2074898,
              -33.8564432
            ],
            [
              151.2080244,
              -33.8566584
            ],
            [
              151.2095228,
              -33.8570449
            ],
            [
              151.2103076,
              -33.8571535
            ],
            [
              151.2103309,
              -33.8571928
            ],
            [
              151.2103863,
              -33.8573515
            ],
            [
              151.2103916,
              -33.8573677
            ],
            [
              151.2103894,
              -33.8573883
            ],
            [
              151.2103716,
              -33.8574417
            ],
            [
              151.2101179,
              -33.8588028
            ],
            [
              151.210129,
              -33.8589803
            ],
            [
              151.210098,
              -33.8591405
            ],
            [
              151.2100815,
              -33.8591985
            ],
            [
              151.2110069,
              -33.8605913
            ],
            [
              151.2114748,
              -33.8605299
            ],
            [
              151.2125823,
              -33.8599998
            ],
            [
              151.2127971,
              -33.8597711
            ],
            [
              151.213906,
              -33.8610748
            ],
            [
              151.2144303,
              -33.8620117
            ],
            [
              151.2154382,
              -33.8626962
            ],
            [
              151.2153836,
              -33.8644367
            ],
            [
              151.2157056,
              -33.8650214
            ],
            [
              151.215724,
              -33.865373
            ],
            [
              151.215684,
              -33.865483
            ],
            [
              151.2155627,
              -33.8660443
            ],
            [
              151.215908,
              -33.8675868
            ],
            [
              151.2159575,
              -33.8676694
            ],
            [
              151.2160086,
              -33.8677761
            ],
            [
              151.2160305,
              -33.8678253
            ],
            [
              151.2160412,
              -33.8678723
            ],
            [
              151.2160429,
              -33.867911
            ],
            [
              151.2147483,
              -33.8692362
            ],
            [
              151.2135925,
              -33.8705859
            ],
            [
              151.2120968,
              -33.8713085
            ],
            [
              151.2120562,
              -33.8713309
            ],
            [
              151.2120131,
              -33.8713499
            ],
            [
              151.2119681,
              -33.8713655
            ],
            [
              151.2119214,
              -33.8713773
            ],
            [
              151.2110615,
              -33.8717557
            ],
            [
              151.2099237,
              -33.873161
            ],
            [
              151.2097434,
              -33.8734117
            ],
            [
              151.2091512,
              -33.8735967
            ],
            [
              151.2081013,
              -33.8745731
            ],
            [
              151.2065299,
              -33.8755655
            ],
            [
              151.2063381,
              -33.8756429
            ],
            [
              151.2054243,
              -33.8747802
            ],
            [
              151.2043311,
              -33.8740514
            ],
            [
              151.2043082,
              -33.8740305
            ],
            [
              151.2037984,
              -33.8734486
            ],
            [
              151.2035698,
              -33.873269
            ],
            [
              151.2019091,
              -33.8730546
            ],
            [
              151.2016954,
              -33.8730675
            ],
            [
              151.2017412,
              -33.8723894
            ],
            [
              151.2017593,
              -33.8723162
            ],
            [
              151.2021572,
              -33.871425
            ],
            [
              151.2013627,
              -33.8698941
            ],
            [
              151.2011815,
              -33.869815
            ],
            [
              151.2010955,
              -33.8697868
            ],
            [
              151.2010658,
              -33.869777
            ],
            [
              151.2010904,
              -33.8696236
            ],
            [
              151.2012294,
              -33.86853
            ],
            [
              151.2008828,
              -33.8676404
            ],
            [
              151.200876,
              -33.8675899
            ],
            [
              151.2008732,
              -33.8675637
            ],
            [
              151.2008234,
              -33.8668047
            ],
            [
              151.2007619,
              -33.8658977
            ],
            [
              151.2003887,
              -33.8649085
            ],
            [
              151.2003864,
              -33.8648994
            ],
            [
              151.2003221,
              -33.8643139
            ],
            [
              151.2003077,
              -33.8641662
            ],
            [
              151.2003543,
              -33.8637214
            ],
            [
              151.2005131,
              -33.8622695
            ],
            [
              151.2004287,
              -33.8617919
            ],
            [
              151.2004096,
              -33.8616424
            ],
            [
              151.2003681,
              -33.8600648
            ],
            [
              151.2003735,
              -33.8600041
            ],
            [
              151.2003835,
              -33.8599484
            ],
            [
              151.2004043,
              -33.8598921
            ],
            [
              151.2011075,
              -33.8586868
            ],
            [
              151.2015736,
              -33.8579289
            ]
          ]
        ],
        "type": "Polygon"
      }
    },
    {
      "type": "Feature",
      "properties": {
        "name": "Isochrone - Summer Hill Station",
        "color": "#4F46E5",
        "center_point": [
          151.139445147,
          -33.8905607663
        ]
      },
      "geometry": {
        "coordinates": [
          [
            [
              151.1273109,
              -33.8900006
            ],
            [
              151.1274404,
              -33.8874658
            ],
            [
              151.1284156,
              -33.8873163
            ],
            [
              151.1309825,
              -33.8870186
            ],
            [
              151.1319851,
              -33.8846651
            ],
            [
              151.1325969,
              -33.8837871
            ],
            [
              151.1346442,
              -33.8839579
            ],
            [
              151.1359185,
              -33.884391
            ],
            [
              151.1386733,
              -33.8838502
            ],
            [
              151.1393708,
              -33.8829428
            ],
            [
              151.142384,
              -33.8840173
            ],
            [
              151.1444969,
              -33.8839807
            ],
            [
              151.1451027,
              -33.8842529
            ],
            [
              151.1445813,
              -33.8862841
            ],
            [
              151.1457459,
              -33.8888988
            ],
            [
              151.1468768,
              -33.8888825
            ],
            [
              151.1475801,
              -33.8893226
            ],
            [
              151.1489315,
              -33.8900278
            ],
            [
              151.1480175,
              -33.8914808
            ],
            [
              151.1486002,
              -33.8937554
            ],
            [
              151.1485799,
              -33.8938133
            ],
            [
              151.14856,
              -33.8938699
            ],
            [
              151.1459749,
              -33.8950488
            ],
            [
              151.14526,
              -33.8956165
            ],
            [
              151.1451938,
              -33.8956586
            ],
            [
              151.1451427,
              -33.8956912
            ],
            [
              151.1439386,
              -33.896322
            ],
            [
              151.1411418,
              -33.897483
            ],
            [
              151.1390463,
              -33.8982882
            ],
            [
              151.1376072,
              -33.898075
            ],
            [
              151.1357393,
              -33.8977406
            ],
            [
              151.1350509,
              -33.8974193
            ],
            [
              151.1329831,
              -33.8955488
            ],
            [
              151.1323996,
              -33.895004
            ],
            [
              151.1311592,
              -33.8933928
            ],
            [
              151.1299274,
              -33.8921643
            ],
            [
              151.1279421,
              -33.8912276
            ],
            [
              151.1273109,
              -33.8900006
            ]
          ]
        ],
        "type": "Polygon"
      }
    },
    {
      "type": "Feature",
      "properties": {
        "name": "Isochrone - Strathfield Station",
        "color": "#4F46E5",
        "center_point": [
          151.094427077,
          -33.8718104968
        ]
      },
      "geometry": {
        "coordinates": [
          [
            [
              151.0853726,
              -33.8695021
            ],
            [
              151.0859354,
              -33.8669004
            ],
            [
              151.0887141,
              -33.865062
            ],
            [
              151.0888107,
              -33.8647642
            ],
            [
              151.0904268,
              -33.8642134
            ],
            [
              151.0908617,
              -33.8641149
            ],
            [
              151.0936951,
              -33.862848
            ],
            [
              151.0937634,
              -33.8628284
            ],
            [
              151.0937971,
              -33.8628349
            ],
            [
              151.0968175,
              -33.8638233
            ],
            [
              151.0971449,
              -33.8637492
            ],
            [
              151.0995512,
              -33.8645013
            ],
            [
              151.1006461,
              -33.8675356
            ],
            [
              151.101908,
              -33.8685961
            ],
            [
              151.1018646,
              -33.8687328
            ],
            [
              151.1023784,
              -33.8713937
            ],
            [
              151.1037441,
              -33.871522
            ],
            [
              151.1042693,
              -33.8715974
            ],
            [
              151.1047152,
              -33.872196
            ],
            [
              151.1036953,
              -33.874815
            ],
            [
              151.1036828,
              -33.8748384
            ],
            [
              151.1036613,
              -33.8748607
            ],
            [
              151.1018135,
              -33.8772222
            ],
            [
              151.1014798,
              -33.8779255
            ],
            [
              151.098496,
              -33.8789909
            ],
            [
              151.0958049,
              -33.8793689
            ],
            [
              151.092811,
              -33.8808179
            ],
            [
              151.092802,
              -33.8808643
            ],
            [
              151.0925579,
              -33.8813706
            ],
            [
              151.0925569,
              -33.8807675
            ],
            [
              151.0925643,
              -33.8807277
            ],
            [
              151.0927037,
              -33.8799742
            ],
            [
              151.0901726,
              -33.8778824
            ],
            [
              151.0894693,
              -33.8777269
            ],
            [
              151.0889483,
              -33.8771807
            ],
            [
              151.0864648,
              -33.876143
            ],
            [
              151.0863776,
              -33.8760698
            ],
            [
              151.0858408,
              -33.8753879
            ],
            [
              151.086133,
              -33.8750839
            ],
            [
              151.0866672,
              -33.8740328
            ],
            [
              151.0853124,
              -33.8715714
            ],
            [
              151.0847022,
              -33.8711663
            ],
            [
              151.0846674,
              -33.8710665
            ],
            [
              151.0853726,
              -33.8695021
            ]
          ]
        ],
        "type": "Polygon"
      }
    },
    {
      "type": "Feature",
      "properties": {
        "name": "Isochrone - Wolli Creek Station",
        "color": "#4F46E5",
        "center_point": [
          151.154113182,
          -33.9285468328
        ]
      },
      "geometry": {
        "coordinates": [
          [
            [
              151.1460403,
              -33.9330793
            ],
            [
              151.145372,
              -33.929526
            ],
            [
              151.1467088,
              -33.9287323
            ],
            [
              151.1467877,
              -33.9286939
            ],
            [
              151.146906,
              -33.9286939
            ],
            [
              151.1480314,
              -33.9289026
            ],
            [
              151.1483983,
              -33.9289405
            ],
            [
              151.1492592,
              -33.9291606
            ],
            [
              151.1495025,
              -33.9292051
            ],
            [
              151.1507438,
              -33.9294295
            ],
            [
              151.1534977,
              -33.9282926
            ],
            [
              151.1535976,
              -33.9281966
            ],
            [
              151.1537316,
              -33.9280688
            ],
            [
              151.1556156,
              -33.9248103
            ],
            [
              151.1559127,
              -33.9239402
            ],
            [
              151.1560158,
              -33.9235258
            ],
            [
              151.1560547,
              -33.923344
            ],
            [
              151.1561819,
              -33.9231577
            ],
            [
              151.1570717,
              -33.9230557
            ],
            [
              151.1571569,
              -33.9230589
            ],
            [
              151.1572071,
              -33.9231002
            ],
            [
              151.1572209,
              -33.9231114
            ],
            [
              151.1592489,
              -33.9241042
            ],
            [
              151.1612085,
              -33.9237807
            ],
            [
              151.1614392,
              -33.9240583
            ],
            [
              151.1615434,
              -33.924234
            ],
            [
              151.1622322,
              -33.9267518
            ],
            [
              151.1622212,
              -33.9280852
            ],
            [
              151.1622002,
              -33.9281188
            ],
            [
              151.1614481,
              -33.9293224
            ],
            [
              151.160891,
              -33.9303797
            ],
            [
              151.1602156,
              -33.9338764
            ],
            [
              151.1603952,
              -33.934252
            ],
            [
              151.1604824,
              -33.9345714
            ],
            [
              151.1606126,
              -33.9351569
            ],
            [
              151.160676,
              -33.9354981
            ],
            [
              151.1595275,
              -33.9350678
            ],
            [
              151.1562604,
              -33.9354851
            ],
            [
              151.1555571,
              -33.9362192
            ],
            [
              151.1555443,
              -33.9362273
            ],
            [
              151.155418,
              -33.9362994
            ],
            [
              151.1528516,
              -33.9371294
            ],
            [
              151.1500603,
              -33.936466
            ],
            [
              151.1480098,
              -33.9359494
            ],
            [
              151.1464107,
              -33.934368
            ],
            [
              151.1460403,
              -33.9330793
            ]
          ]
        ],
        "type": "Polygon"
      }
    },
    {
      "type": "Feature",
      "properties": {
        "name": "Isochrone - Martin Place Station",
        "color": "#4F46E5",
        "center_point": [
          151.211591161,
          -33.8678709087
        ]
      },
      "geometry": {
        "coordinates": [
          [
            [
              151.2028144,
              -33.8653513
            ],
            [
              151.2033159,
              -33.864577
            ],
            [
              151.2047809,
              -33.8634
            ],
            [
              151.2048071,
              -33.8633836
            ],
            [
              151.2069585,
              -33.8619782
            ],
            [
              151.2081436,
              -33.8605633
            ],
            [
              151.2085103,
              -33.8602581
            ],
            [
              151.2092523,
              -33.8597458
            ],
            [
              151.2093932,
              -33.8597001
            ],
            [
              151.2095545,
              -33.8597119
            ],
            [
              151.2095832,
              -33.8597145
            ],
            [
              151.2096652,
              -33.859729
            ],
            [
              151.2097646,
              -33.8597466
            ],
            [
              151.2114748,
              -33.8605299
            ],
            [
              151.2128725,
              -33.858976
            ],
            [
              151.2128914,
              -33.858947
            ],
            [
              151.2128962,
              -33.8589397
            ],
            [
              151.2129196,
              -33.8589087
            ],
            [
              151.2129713,
              -33.8588401
            ],
            [
              151.2130634,
              -33.8587551
            ],
            [
              151.2131546,
              -33.8586892
            ],
            [
              151.2137464,
              -33.8582949
            ],
            [
              151.2144744,
              -33.8584483
            ],
            [
              151.2149269,
              -33.8587722
            ],
            [
              151.2167081,
              -33.8600674
            ],
            [
              151.2171971,
              -33.8605346
            ],
            [
              151.2171719,
              -33.8607378
            ],
            [
              151.2171258,
              -33.8609137
            ],
            [
              151.2169415,
              -33.8616243
            ],
            [
              151.2187238,
              -33.863354
            ],
            [
              151.2189918,
              -33.8633209
            ],
            [
              151.2192058,
              -33.8632637
            ],
            [
              151.2193505,
              -33.8632096
            ],
            [
              151.2194546,
              -33.8631625
            ],
            [
              151.2195314,
              -33.8631238
            ],
            [
              151.2200071,
              -33.8630226
            ],
            [
              151.2206392,
              -33.8628691
            ],
            [
              151.2208077,
              -33.8628461
            ],
            [
              151.2212086,
              -33.8632969
            ],
            [
              151.2213831,
              -33.8636365
            ],
            [
              151.2213946,
              -33.8639203
            ],
            [
              151.2210201,
              -33.8644731
            ],
            [
              151.2209791,
              -33.8645399
            ],
            [
              151.2209231,
              -33.8646001
            ],
            [
              151.2205909,
              -33.8649724
            ],
            [
              151.2209372,
              -33.8675185
            ],
            [
              151.2210516,
              -33.8676101
            ],
            [
              151.2224105,
              -33.868691
            ],
            [
              151.2224682,
              -33.868729
            ],
            [
              151.2225445,
              -33.8687816
            ],
            [
              151.2225111,
              -33.8689167
            ],
            [
              151.221745,
              -33.8709626
            ],
            [
              151.2213485,
              -33.8714329
            ],
            [
              151.2199969,
              -33.8728301
            ],
            [
              151.2182208,
              -33.8738979
            ],
            [
              151.2173971,
              -33.8746164
            ],
            [
              151.2159451,
              -33.875549
            ],
            [
              151.215027,
              -33.875807
            ],
            [
              151.2127137,
              -33.8770148
            ],
            [
              151.2122241,
              -33.8770811
            ],
            [
              151.2095754,
              -33.8769629
            ],
            [
              151.2093347,
              -33.8769401
            ],
            [
              151.2092978,
              -33.8769366
            ],
            [
              151.209292,
              -33.8769358
            ],
            [
              151.2088541,
              -33.8767176
            ],
            [
              151.2080641,
              -33.8758136
            ],
            [
              151.2067142,
              -33.8743494
            ],
            [
              151.2051868,
              -33.872853
            ],
            [
              151.2033897,
              -33.8714045
            ],
            [
              151.2024339,
              -33.8689553
            ],
            [
              151.2024239,
              -33.8689059
            ],
            [
              151.2024724,
              -33.8668055
            ],
            [
              151.2024756,
              -33.86679
            ],
            [
              151.2028144,
              -33.8653513
            ]
          ]
        ],
        "type": "Polygon"
      }
    },
    {
      "type": "Feature",
      "properties": {
        "name": "Isochrone - Chatswood Station",
        "color": "#EC4899",
        "center_point": [
          151.180821,
          -33.797134
        ]
      },
      "geometry": {
        "coordinates": [
          [
            [
              151.1746988,
              -33.7923113
            ],
            [
              151.1756094,
              -33.7913464
            ],
            [
              151.1778642,
              -33.792606
            ],
            [
              151.1785039,
              -33.7922188
            ],
            [
              151.1788393,
              -33.791978
            ],
            [
              151.1793929,
              -33.7895022
            ],
            [
              151.1793857,
              -33.7894215
            ],
            [
              151.1795895,
              -33.7884434
            ],
            [
              151.1800737,
              -33.7885214
            ],
            [
              151.1825293,
              -33.7890904
            ],
            [
              151.1825373,
              -33.7891084
            ],
            [
              151.1825462,
              -33.7891283
            ],
            [
              151.1848417,
              -33.7905791
            ],
            [
              151.1854589,
              -33.7903882
            ],
            [
              151.1856085,
              -33.7904125
            ],
            [
              151.187277,
              -33.7915808
            ],
            [
              151.1875675,
              -33.7922288
            ],
            [
              151.189933,
              -33.7936636
            ],
            [
              151.191566,
              -33.7936636
            ],
            [
              151.1916012,
              -33.7937437
            ],
            [
              151.1907532,
              -33.7956415
            ],
            [
              151.1906283,
              -33.7957717
            ],
            [
              151.1900488,
              -33.7959497
            ],
            [
              151.1890625,
              -33.7985003
            ],
            [
              151.189087,
              -33.7985552
            ],
            [
              151.1886292,
              -33.7988029
            ],
            [
              151.1880285,
              -33.8013962
            ],
            [
              151.1880287,
              -33.8014738
            ],
            [
              151.1880296,
              -33.801558
            ],
            [
              151.186513,
              -33.8033234
            ],
            [
              151.1864111,
              -33.8033681
            ],
            [
              151.1851567,
              -33.803062
            ],
            [
              151.1850075,
              -33.8030828
            ],
            [
              151.1832441,
              -33.8051202
            ],
            [
              151.1833862,
              -33.8054792
            ],
            [
              151.1837301,
              -33.8059541
            ],
            [
              151.1836519,
              -33.805998
            ],
            [
              151.1818324,
              -33.806467
            ],
            [
              151.1817193,
              -33.8064833
            ],
            [
              151.1792096,
              -33.8055717
            ],
            [
              151.1782002,
              -33.8055441
            ],
            [
              151.1773658,
              -33.804492
            ],
            [
              151.175257,
              -33.8028133
            ],
            [
              151.1744758,
              -33.8027051
            ],
            [
              151.1742839,
              -33.8026861
            ],
            [
              151.1717784,
              -33.8015913
            ],
            [
              151.1714298,
              -33.8014141
            ],
            [
              151.1712956,
              -33.801131
            ],
            [
              151.1713037,
              -33.800936
            ],
            [
              151.1714043,
              -33.8007265
            ],
            [
              151.1718234,
              -33.7988626
            ],
            [
              151.1713406,
              -33.7979315
            ],
            [
              151.1713003,
              -33.7978791
            ],
            [
              151.1712547,
              -33.797781
            ],
            [
              151.1712333,
              -33.7976941
            ],
            [
              151.1711423,
              -33.7961941
            ],
            [
              151.1711679,
              -33.7960746
            ],
            [
              151.1712346,
              -33.7960742
            ],
            [
              151.1722693,
              -33.7961292
            ],
            [
              151.1726143,
              -33.7961361
            ],
            [
              151.1747685,
              -33.7947059
            ],
            [
              151.1746988,
              -33.7923113
            ]
          ]
        ],
        "type": "Polygon"
      }
    },
    {
      "type": "Feature",
      "properties": {
        "name": "Isochrone - Martin Place Station",
        "color": "#EC4899",
        "center_point": [
          151.2115,
          -33.867837
        ]
      },
      "geometry": {
        "coordinates": [
          [
            [
              151.2016749,
              -33.8647189
            ],
            [
              151.2020861,
              -33.8640853
            ],
            [
              151.2031273,
              -33.8634624
            ],
            [
              151.2038631,
              -33.863037
            ],
            [
              151.204233,
              -33.8629728
            ],
            [
              151.2057587,
              -33.8620722
            ],
            [
              151.2058202,
              -33.8619463
            ],
            [
              151.2059092,
              -33.8617818
            ],
            [
              151.205919,
              -33.8617627
            ],
            [
              151.2059414,
              -33.8617257
            ],
            [
              151.2060898,
              -33.8615573
            ],
            [
              151.2069735,
              -33.8613367
            ],
            [
              151.2081436,
              -33.8605633
            ],
            [
              151.2085103,
              -33.8602581
            ],
            [
              151.2092523,
              -33.8597458
            ],
            [
              151.2093932,
              -33.8597001
            ],
            [
              151.2095545,
              -33.8597119
            ],
            [
              151.2095832,
              -33.8597145
            ],
            [
              151.2096652,
              -33.859729
            ],
            [
              151.2097646,
              -33.8597466
            ],
            [
              151.2109195,
              -33.860582
            ],
            [
              151.2114748,
              -33.8605299
            ],
            [
              151.2125823,
              -33.8599998
            ],
            [
              151.2128891,
              -33.8592396
            ],
            [
              151.212942,
              -33.8590104
            ],
            [
              151.2134623,
              -33.8587941
            ],
            [
              151.2135294,
              -33.8587688
            ],
            [
              151.2136036,
              -33.8588034
            ],
            [
              151.2136531,
              -33.8588299
            ],
            [
              151.2136818,
              -33.8588678
            ],
            [
              151.2136969,
              -33.858902
            ],
            [
              151.2141783,
              -33.8598606
            ],
            [
              151.2146255,
              -33.861079
            ],
            [
              151.2145547,
              -33.8612098
            ],
            [
              151.2157006,
              -33.8625385
            ],
            [
              151.2163643,
              -33.8618037
            ],
            [
              151.216422,
              -33.8615921
            ],
            [
              151.2164689,
              -33.8614006
            ],
            [
              151.2165226,
              -33.8612302
            ],
            [
              151.2165628,
              -33.8611289
            ],
            [
              151.2166045,
              -33.8610419
            ],
            [
              151.2166463,
              -33.8609836
            ],
            [
              151.21669,
              -33.8609418
            ],
            [
              151.2167592,
              -33.8608906
            ],
            [
              151.2168418,
              -33.8608481
            ],
            [
              151.2168971,
              -33.8619412
            ],
            [
              151.2180022,
              -33.8632684
            ],
            [
              151.2182296,
              -33.8633239
            ],
            [
              151.2187238,
              -33.863354
            ],
            [
              151.2192058,
              -33.8632637
            ],
            [
              151.2193505,
              -33.8632096
            ],
            [
              151.2194546,
              -33.8631625
            ],
            [
              151.2195314,
              -33.8631238
            ],
            [
              151.2198801,
              -33.8631714
            ],
            [
              151.2208933,
              -33.8641334
            ],
            [
              151.2208311,
              -33.8642879
            ],
            [
              151.220769,
              -33.8644212
            ],
            [
              151.220557,
              -33.8650051
            ],
            [
              151.2202711,
              -33.8656609
            ],
            [
              151.219977,
              -33.8666253
            ],
            [
              151.2208059,
              -33.8674674
            ],
            [
              151.2208768,
              -33.8674959
            ],
            [
              151.2209372,
              -33.8675185
            ],
            [
              151.2210516,
              -33.8676101
            ],
            [
              151.2217464,
              -33.8690366
            ],
            [
              151.2220485,
              -33.8691103
            ],
            [
              151.2213777,
              -33.8704512
            ],
            [
              151.2203251,
              -33.8713001
            ],
            [
              151.219968,
              -33.871575
            ],
            [
              151.2190595,
              -33.8726816
            ],
            [
              151.2184088,
              -33.8730918
            ],
            [
              151.2172987,
              -33.8739021
            ],
            [
              151.2163358,
              -33.8746473
            ],
            [
              151.2151165,
              -33.8754139
            ],
            [
              151.2144511,
              -33.8756586
            ],
            [
              151.2133088,
              -33.8760495
            ],
            [
              151.2124148,
              -33.8768487
            ],
            [
              151.2121291,
              -33.8769022
            ],
            [
              151.2107723,
              -33.8769495
            ],
            [
              151.2096167,
              -33.8769639
            ],
            [
              151.2095754,
              -33.8769629
            ],
            [
              151.2093347,
              -33.8769401
            ],
            [
              151.2092978,
              -33.8769366
            ],
            [
              151.209292,
              -33.8769358
            ],
            [
              151.2088541,
              -33.8767176
            ],
            [
              151.2079935,
              -33.8758074
            ],
            [
              151.2078721,
              -33.8752991
            ],
            [
              151.2067868,
              -33.8744713
            ],
            [
              151.2067154,
              -33.8744605
            ],
            [
              151.2067066,
              -33.8744593
            ],
            [
              151.2066792,
              -33.8744548
            ],
            [
              151.2064249,
              -33.8744085
            ],
            [
              151.2055456,
              -33.8735208
            ],
            [
              151.2052302,
              -33.8731828
            ],
            [
              151.2050101,
              -33.8728563
            ],
            [
              151.2038799,
              -33.8718031
            ],
            [
              151.2033897,
              -33.8714045
            ],
            [
              151.2027856,
              -33.8703071
            ],
            [
              151.2015654,
              -33.86902
            ],
            [
              151.2013802,
              -33.8685407
            ],
            [
              151.2013548,
              -33.8670761
            ],
            [
              151.2012177,
              -33.8655187
            ],
            [
              151.2016749,
              -33.8647189
            ]
          ]
        ],
        "type": "Polygon"
      }
    },
    {
      "type": "Feature",
      "properties": {
        "name": "Isochrone - Lewisham Station",
        "color": "#4F46E5",
        "center_point": [
          151.147272514,
          -33.8932785316
        ]
      },
      "geometry": {
        "coordinates": [
          [
            [
              151.136917,
              -33.89168
            ],
            [
              151.1367377,
              -33.8900318
            ],
            [
              151.1391239,
              -33.8894289
            ],
            [
              151.1406799,
              -33.8885001
            ],
            [
              151.1416171,
              -33.8875841
            ],
            [
              151.141666,
              -33.8875342
            ],
            [
              151.1417919,
              -33.8874117
            ],
            [
              151.1420266,
              -33.8871876
            ],
            [
              151.1432747,
              -33.8859138
            ],
            [
              151.144274,
              -33.8862559
            ],
            [
              151.1462192,
              -33.8853806
            ],
            [
              151.1474811,
              -33.8841915
            ],
            [
              151.1477185,
              -33.8841131
            ],
            [
              151.1499204,
              -33.8837811
            ],
            [
              151.1500143,
              -33.8837814
            ],
            [
              151.1501083,
              -33.8841458
            ],
            [
              151.1522821,
              -33.8854862
            ],
            [
              151.1523177,
              -33.8854836
            ],
            [
              151.1523966,
              -33.8854787
            ],
            [
              151.1532687,
              -33.8860893
            ],
            [
              151.1551394,
              -33.8879236
            ],
            [
              151.1565228,
              -33.8885538
            ],
            [
              151.1564701,
              -33.8910887
            ],
            [
              151.1571826,
              -33.8915807
            ],
            [
              151.1580984,
              -33.8923544
            ],
            [
              151.158557,
              -33.8941707
            ],
            [
              151.1567892,
              -33.8960636
            ],
            [
              151.156639,
              -33.8964258
            ],
            [
              151.1563982,
              -33.8970371
            ],
            [
              151.1561289,
              -33.897665
            ],
            [
              151.1558518,
              -33.8983326
            ],
            [
              151.1545886,
              -33.8996169
            ],
            [
              151.1534603,
              -33.900665
            ],
            [
              151.1511498,
              -33.9011652
            ],
            [
              151.1490694,
              -33.9021007
            ],
            [
              151.1489614,
              -33.9020948
            ],
            [
              151.1488685,
              -33.9019464
            ],
            [
              151.1469167,
              -33.9008127
            ],
            [
              151.146288,
              -33.9009275
            ],
            [
              151.1447597,
              -33.9012044
            ],
            [
              151.1446619,
              -33.9011944
            ],
            [
              151.1429539,
              -33.9010949
            ],
            [
              151.1411448,
              -33.9008821
            ],
            [
              151.1410891,
              -33.9008554
            ],
            [
              151.1410301,
              -33.9008253
            ],
            [
              151.1402326,
              -33.9002759
            ],
            [
              151.1389702,
              -33.8983463
            ],
            [
              151.1372528,
              -33.8965618
            ],
            [
              151.1371342,
              -33.8957628
            ],
            [
              151.1371643,
              -33.8954323
            ],
            [
              151.1371705,
              -33.8953636
            ],
            [
              151.1387462,
              -33.8934512
            ],
            [
              151.1378597,
              -33.8922004
            ],
            [
              151.1369828,
              -33.8917469
            ],
            [
              151.136917,
              -33.89168
            ]
          ]
        ],
        "type": "Polygon"
      }
    },
    {
      "type": "Feature",
      "properties": {
        "name": "Isochrone - Burwood Station",
        "color": "#4F46E5",
        "center_point": [
          151.104762238,
          -33.8773146456
        ]
      },
      "geometry": {
        "coordinates": [
          [
            [
              151.093671,
              -33.8747947
            ],
            [
              151.0936316,
              -33.8746926
            ],
            [
              151.0946243,
              -33.8738374
            ],
            [
              151.0983578,
              -33.8713011
            ],
            [
              151.1021568,
              -33.8686159
            ],
            [
              151.1056536,
              -33.867876
            ],
            [
              151.1056699,
              -33.8678738
            ],
            [
              151.1085277,
              -33.8697162
            ],
            [
              151.1112496,
              -33.8725177
            ],
            [
              151.1123979,
              -33.8739912
            ],
            [
              151.1129512,
              -33.874862
            ],
            [
              151.1130196,
              -33.8749711
            ],
            [
              151.1136894,
              -33.8760913
            ],
            [
              151.113682,
              -33.876123
            ],
            [
              151.1136721,
              -33.8761656
            ],
            [
              151.1135261,
              -33.8769611
            ],
            [
              151.1155202,
              -33.880786
            ],
            [
              151.1150084,
              -33.8831107
            ],
            [
              151.1149478,
              -33.8833204
            ],
            [
              151.1148782,
              -33.8833799
            ],
            [
              151.1103495,
              -33.8837787
            ],
            [
              151.106028,
              -33.8848597
            ],
            [
              151.1018908,
              -33.8864286
            ],
            [
              151.1018061,
              -33.8864164
            ],
            [
              151.0991536,
              -33.8835588
            ],
            [
              151.0964896,
              -33.8803477
            ],
            [
              151.0958049,
              -33.8793689
            ],
            [
              151.0958778,
              -33.8789291
            ],
            [
              151.0956177,
              -33.8765803
            ],
            [
              151.093671,
              -33.8747947
            ]
          ]
        ],
        "type": "Polygon"
      }
    },
    {
      "type": "Feature",
      "properties": {
        "name": "Isochrone - Waverton Station",
        "color": "#4F46E5",
        "center_point": [
          151.197855547,
          -33.8382452525
        ]
      },
      "geometry": {
        "coordinates": [
          [
            [
              151.1916237,
              -33.8323227
            ],
            [
              151.1919063,
              -33.8319191
            ],
            [
              151.1925921,
              -33.8315866
            ],
            [
              151.1927964,
              -33.8315753
            ],
            [
              151.1952455,
              -33.8316654
            ],
            [
              151.1972544,
              -33.8308046
            ],
            [
              151.1993156,
              -33.8298932
            ],
            [
              151.1994832,
              -33.8299119
            ],
            [
              151.2017193,
              -33.8309268
            ],
            [
              151.2043109,
              -33.8317221
            ],
            [
              151.2054629,
              -33.832284
            ],
            [
              151.2066582,
              -33.8341683
            ],
            [
              151.2075706,
              -33.8349031
            ],
            [
              151.2064032,
              -33.8367045
            ],
            [
              151.2060794,
              -33.8386384
            ],
            [
              151.2060489,
              -33.8387844
            ],
            [
              151.2060194,
              -33.8387807
            ],
            [
              151.2059817,
              -33.8387761
            ],
            [
              151.2059558,
              -33.8387725
            ],
            [
              151.2039608,
              -33.839786
            ],
            [
              151.2054159,
              -33.8417064
            ],
            [
              151.2059827,
              -33.8427035
            ],
            [
              151.2060775,
              -33.8428801
            ],
            [
              151.2046404,
              -33.8434871
            ],
            [
              151.2029696,
              -33.8438867
            ],
            [
              151.2012273,
              -33.8444935
            ],
            [
              151.2010734,
              -33.8445436
            ],
            [
              151.2012431,
              -33.8439347
            ],
            [
              151.2003086,
              -33.8419864
            ],
            [
              151.198414,
              -33.8430571
            ],
            [
              151.1978921,
              -33.843386
            ],
            [
              151.1977262,
              -33.8435236
            ],
            [
              151.1976484,
              -33.843562
            ],
            [
              151.1974761,
              -33.843649
            ],
            [
              151.1972803,
              -33.843735
            ],
            [
              151.197172,
              -33.8437577
            ],
            [
              151.1971223,
              -33.8437688
            ],
            [
              151.1970337,
              -33.8437742
            ],
            [
              151.1961707,
              -33.8433188
            ],
            [
              151.1943182,
              -33.8451311
            ],
            [
              151.1943111,
              -33.8452203
            ],
            [
              151.1942647,
              -33.8453166
            ],
            [
              151.1935247,
              -33.8450116
            ],
            [
              151.1934011,
              -33.8449419
            ],
            [
              151.1933762,
              -33.8446181
            ],
            [
              151.1934162,
              -33.8444373
            ],
            [
              151.1934533,
              -33.84427
            ],
            [
              151.1935814,
              -33.8434114
            ],
            [
              151.1935846,
              -33.8433968
            ],
            [
              151.1936512,
              -33.8432418
            ],
            [
              151.1938783,
              -33.8428379
            ],
            [
              151.1939077,
              -33.8428042
            ],
            [
              151.1939597,
              -33.8427442
            ],
            [
              151.1946592,
              -33.8421215
            ],
            [
              151.1947559,
              -33.8420026
            ],
            [
              151.1949199,
              -33.8417753
            ],
            [
              151.1957196,
              -33.8399957
            ],
            [
              151.1944246,
              -33.8388419
            ],
            [
              151.1918095,
              -33.8387703
            ],
            [
              151.189396,
              -33.8380251
            ],
            [
              151.1893322,
              -33.8379561
            ],
            [
              151.1892662,
              -33.8378848
            ],
            [
              151.1891034,
              -33.8368988
            ],
            [
              151.1898318,
              -33.8365257
            ],
            [
              151.1906464,
              -33.8360169
            ],
            [
              151.1927776,
              -33.8351287
            ],
            [
              151.1917999,
              -33.8328575
            ],
            [
              151.1916946,
              -33.8327921
            ],
            [
              151.1916237,
              -33.8323227
            ]
          ]
        ],
        "type": "Polygon"
      }
    },
    {
      "type": "Feature",
      "properties": {
        "name": "Isochrone - Bondi Junction Station",
        "color": "#4F46E5",
        "center_point": [
          151.2483843,
          -33.8912022841
        ]
      },
      "geometry": {
        "coordinates": [
          [
            [
              151.239577,
              -33.8869196
            ],
            [
              151.2401548,
              -33.8862413
            ],
            [
              151.2409577,
              -33.8854296
            ],
            [
              151.2411189,
              -33.8853944
            ],
            [
              151.2417489,
              -33.8852842
            ],
            [
              151.2452542,
              -33.8844511
            ],
            [
              151.245172,
              -33.8828843
            ],
            [
              151.2468683,
              -33.8830056
            ],
            [
              151.2488642,
              -33.8843762
            ],
            [
              151.2504751,
              -33.8853428
            ],
            [
              151.2507628,
              -33.8855044
            ],
            [
              151.253086,
              -33.8865128
            ],
            [
              151.2555578,
              -33.8870139
            ],
            [
              151.2571821,
              -33.887284
            ],
            [
              151.2572137,
              -33.8872978
            ],
            [
              151.2573807,
              -33.8875049
            ],
            [
              151.2588388,
              -33.8893895
            ],
            [
              151.2587552,
              -33.8931981
            ],
            [
              151.2576206,
              -33.8944094
            ],
            [
              151.2547632,
              -33.8965197
            ],
            [
              151.2527355,
              -33.8994814
            ],
            [
              151.2499775,
              -33.8997241
            ],
            [
              151.2488357,
              -33.899655
            ],
            [
              151.246474,
              -33.8994883
            ],
            [
              151.246366,
              -33.8994796
            ],
            [
              151.2461282,
              -33.8994363
            ],
            [
              151.2460638,
              -33.899423
            ],
            [
              151.2452753,
              -33.8992147
            ],
            [
              151.2452519,
              -33.8992048
            ],
            [
              151.2447347,
              -33.8988928
            ],
            [
              151.2437159,
              -33.897932
            ],
            [
              151.2433706,
              -33.8975964
            ],
            [
              151.2427006,
              -33.8967995
            ],
            [
              151.2404889,
              -33.8944309
            ],
            [
              151.2393604,
              -33.8931272
            ],
            [
              151.236969,
              -33.8908576
            ],
            [
              151.2386,
              -33.8881835
            ],
            [
              151.239577,
              -33.8869196
            ]
          ]
        ],
        "type": "Polygon"
      }
    },
    {
      "type": "Feature",
      "properties": {
        "name": "Isochrone - Concord West Station",
        "color": "#4F46E5",
        "center_point": [
          151.085626247,
          -33.8487399849
        ]
      },
      "geometry": {
        "coordinates": [
          [
            [
              151.0743446,
              -33.8488331
            ],
            [
              151.0756695,
              -33.847386
            ],
            [
              151.0770202,
              -33.8464385
            ],
            [
              151.0771161,
              -33.846385
            ],
            [
              151.078959,
              -33.8450818
            ],
            [
              151.0798105,
              -33.8436185
            ],
            [
              151.0831693,
              -33.8423808
            ],
            [
              151.0832036,
              -33.8418889
            ],
            [
              151.0833292,
              -33.8413049
            ],
            [
              151.0833527,
              -33.8396848
            ],
            [
              151.0840595,
              -33.8393472
            ],
            [
              151.0862935,
              -33.8384082
            ],
            [
              151.0864786,
              -33.8383737
            ],
            [
              151.0885828,
              -33.8407882
            ],
            [
              151.090475,
              -33.8422197
            ],
            [
              151.0910316,
              -33.8431533
            ],
            [
              151.0946534,
              -33.8436517
            ],
            [
              151.0952222,
              -33.8445459
            ],
            [
              151.0956946,
              -33.8454603
            ],
            [
              151.0960381,
              -33.8463425
            ],
            [
              151.0960744,
              -33.8466303
            ],
            [
              151.0958236,
              -33.8474345
            ],
            [
              151.0945926,
              -33.8498252
            ],
            [
              151.0945411,
              -33.8498999
            ],
            [
              151.0944714,
              -33.8499521
            ],
            [
              151.0943773,
              -33.8499893
            ],
            [
              151.0942687,
              -33.8500159
            ],
            [
              151.0939162,
              -33.8500908
            ],
            [
              151.0929848,
              -33.8501934
            ],
            [
              151.0916992,
              -33.8505617
            ],
            [
              151.0908384,
              -33.8534581
            ],
            [
              151.0902775,
              -33.8555549
            ],
            [
              151.0878012,
              -33.8570236
            ],
            [
              151.0857437,
              -33.8560729
            ],
            [
              151.0831458,
              -33.8545061
            ],
            [
              151.080574,
              -33.8534657
            ],
            [
              151.0783023,
              -33.8510119
            ],
            [
              151.0760681,
              -33.850386
            ],
            [
              151.0745886,
              -33.8491721
            ],
            [
              151.0743437,
              -33.8489598
            ],
            [
              151.0743446,
              -33.8488331
            ]
          ]
        ],
        "type": "Polygon"
      }
    },
    {
      "type": "Feature",
      "properties": {
        "name": "Isochrone - Wollstonecraft Station",
        "color": "#4F46E5",
        "center_point": [
          151.191895006,
          -33.8317948735
        ]
      },
      "geometry": {
        "coordinates": [
          [
            [
              151.183715,
              -33.8270963
            ],
            [
              151.1837735,
              -33.8268221
            ],
            [
              151.1843978,
              -33.8269292
            ],
            [
              151.1867353,
              -33.8251483
            ],
            [
              151.1881855,
              -33.8240139
            ],
            [
              151.188669,
              -33.8240482
            ],
            [
              151.1906918,
              -33.8246978
            ],
            [
              151.192156,
              -33.8234484
            ],
            [
              151.1922386,
              -33.8234108
            ],
            [
              151.1937226,
              -33.8234139
            ],
            [
              151.1946981,
              -33.8234732
            ],
            [
              151.1964339,
              -33.8242753
            ],
            [
              151.1987384,
              -33.8248785
            ],
            [
              151.2007788,
              -33.8267879
            ],
            [
              151.2018004,
              -33.8278929
            ],
            [
              151.202755,
              -33.8304933
            ],
            [
              151.2027095,
              -33.8306203
            ],
            [
              151.202253,
              -33.8318685
            ],
            [
              151.2007433,
              -33.8345567
            ],
            [
              151.1992005,
              -33.8373524
            ],
            [
              151.1985402,
              -33.8378946
            ],
            [
              151.1979038,
              -33.8379281
            ],
            [
              151.1950518,
              -33.8389344
            ],
            [
              151.1947667,
              -33.8389234
            ],
            [
              151.1944246,
              -33.8388419
            ],
            [
              151.1918095,
              -33.8387703
            ],
            [
              151.1895595,
              -33.8408988
            ],
            [
              151.189479,
              -33.8409667
            ],
            [
              151.1881124,
              -33.8403291
            ],
            [
              151.1879578,
              -33.8401188
            ],
            [
              151.1877619,
              -33.8398409
            ],
            [
              151.1877178,
              -33.8396754
            ],
            [
              151.1881549,
              -33.8391779
            ],
            [
              151.1883549,
              -33.8389505
            ],
            [
              151.1886864,
              -33.8364893
            ],
            [
              151.1857724,
              -33.8353326
            ],
            [
              151.1852393,
              -33.8354834
            ],
            [
              151.1849571,
              -33.8352016
            ],
            [
              151.1831568,
              -33.8325086
            ],
            [
              151.1832215,
              -33.8296698
            ],
            [
              151.183715,
              -33.8270963
            ]
          ]
        ],
        "type": "Polygon"
      }
    },
    {
      "type": "Feature",
      "properties": {
        "name": "Isochrone - Ashfield Station",
        "color": "#4F46E5",
        "center_point": [
          151.125504163,
          -33.8875506079
        ]
      },
      "geometry": {
        "coordinates": [
          [
            [
              151.1168765,
              -33.8831157
            ],
            [
              151.1172466,
              -33.8825805
            ],
            [
              151.1174602,
              -33.8824246
            ],
            [
              151.119028,
              -33.8818912
            ],
            [
              151.1190462,
              -33.8818874
            ],
            [
              151.1215599,
              -33.8813521
            ],
            [
              151.1243383,
              -33.880225
            ],
            [
              151.1258058,
              -33.8793178
            ],
            [
              151.1273343,
              -33.8798681
            ],
            [
              151.129913,
              -33.8799091
            ],
            [
              151.1318199,
              -33.8806215
            ],
            [
              151.132633,
              -33.8822849
            ],
            [
              151.1345406,
              -33.8842526
            ],
            [
              151.1355436,
              -33.8847187
            ],
            [
              151.1356159,
              -33.8847517
            ],
            [
              151.1356876,
              -33.8847898
            ],
            [
              151.1363235,
              -33.8875428
            ],
            [
              151.136795,
              -33.8896519
            ],
            [
              151.1367887,
              -33.8896964
            ],
            [
              151.1367824,
              -33.889738
            ],
            [
              151.1346819,
              -33.8902385
            ],
            [
              151.1324968,
              -33.8917911
            ],
            [
              151.1318648,
              -33.893427
            ],
            [
              151.131057,
              -33.8934425
            ],
            [
              151.1297226,
              -33.8936931
            ],
            [
              151.1276833,
              -33.8956833
            ],
            [
              151.1276619,
              -33.8956976
            ],
            [
              151.1257153,
              -33.8962491
            ],
            [
              151.1250753,
              -33.8962149
            ],
            [
              151.1232907,
              -33.8950609
            ],
            [
              151.1213956,
              -33.8935668
            ],
            [
              151.1191399,
              -33.891597
            ],
            [
              151.1188928,
              -33.8915797
            ],
            [
              151.1186419,
              -33.8915804
            ],
            [
              151.1171824,
              -33.8906247
            ],
            [
              151.1163049,
              -33.8899889
            ],
            [
              151.115572,
              -33.887971
            ],
            [
              151.1162121,
              -33.8855162
            ],
            [
              151.1168765,
              -33.8831157
            ]
          ]
        ],
        "type": "Polygon"
      }
    },
    {
      "type": "Feature",
      "properties": {
        "name": "Isochrone - Museum Station",
        "color": "#4F46E5",
        "center_point": [
          151.21010638,
          -33.8756998483
        ]
      },
      "geometry": {
        "coordinates": [
          [
            [
              151.2000792,
              -33.8741037
            ],
            [
              151.199906,
              -33.873005
            ],
            [
              151.2017593,
              -33.8723162
            ],
            [
              151.2023976,
              -33.8710837
            ],
            [
              151.2024009,
              -33.8710695
            ],
            [
              151.2024052,
              -33.871051
            ],
            [
              151.2024127,
              -33.8710187
            ],
            [
              151.2024831,
              -33.8709376
            ],
            [
              151.203675,
              -33.8700557
            ],
            [
              151.2053411,
              -33.8686433
            ],
            [
              151.2071655,
              -33.8675443
            ],
            [
              151.2085618,
              -33.8669142
            ],
            [
              151.2097688,
              -33.8660612
            ],
            [
              151.2100136,
              -33.8661172
            ],
            [
              151.2106883,
              -33.8662468
            ],
            [
              151.2127581,
              -33.8660052
            ],
            [
              151.2137303,
              -33.8671718
            ],
            [
              151.2158912,
              -33.8679089
            ],
            [
              151.2160429,
              -33.867911
            ],
            [
              151.2167432,
              -33.868276
            ],
            [
              151.2176797,
              -33.8697563
            ],
            [
              151.2178664,
              -33.870068
            ],
            [
              151.2179542,
              -33.8702151
            ],
            [
              151.2180084,
              -33.8704272
            ],
            [
              151.2185205,
              -33.8725837
            ],
            [
              151.2193591,
              -33.8739972
            ],
            [
              151.2198838,
              -33.8748671
            ],
            [
              151.2190559,
              -33.8753842
            ],
            [
              151.218625,
              -33.8775003
            ],
            [
              151.2187326,
              -33.8778136
            ],
            [
              151.2187179,
              -33.8778831
            ],
            [
              151.2187022,
              -33.8779574
            ],
            [
              151.2183127,
              -33.878871
            ],
            [
              151.2178425,
              -33.8807989
            ],
            [
              151.2178303,
              -33.8808314
            ],
            [
              151.2178113,
              -33.8808649
            ],
            [
              151.2166028,
              -33.8812629
            ],
            [
              151.2156907,
              -33.8810799
            ],
            [
              151.2135902,
              -33.8816144
            ],
            [
              151.2116809,
              -33.8821099
            ],
            [
              151.2106858,
              -33.8826144
            ],
            [
              151.208606,
              -33.8827346
            ],
            [
              151.2075374,
              -33.8826219
            ],
            [
              151.2061878,
              -33.8821255
            ],
            [
              151.2046317,
              -33.8812211
            ],
            [
              151.2038562,
              -33.8800912
            ],
            [
              151.2034644,
              -33.8794858
            ],
            [
              151.203356,
              -33.8793087
            ],
            [
              151.2019629,
              -33.8773664
            ],
            [
              151.2009508,
              -33.8763434
            ],
            [
              151.2009103,
              -33.8762558
            ],
            [
              151.20086,
              -33.8761307
            ],
            [
              151.2000792,
              -33.8741037
            ]
          ]
        ],
        "type": "Polygon"
      }
    },
    {
      "type": "Feature",
      "properties": {
        "name": "Isochrone - St Leonards Station",
        "color": "#4F46E5",
        "center_point": [
          151.194126811,
          -33.8223888849
        ]
      },
      "geometry": {
        "coordinates": [
          [
            [
              151.1873143,
              -33.8163717
            ],
            [
              151.1888356,
              -33.8145032
            ],
            [
              151.1893642,
              -33.8142204
            ],
            [
              151.189842,
              -33.8141065
            ],
            [
              151.1919522,
              -33.8139013
            ],
            [
              151.1937604,
              -33.8137639
            ],
            [
              151.1963913,
              -33.8146806
            ],
            [
              151.1968033,
              -33.8152534
            ],
            [
              151.1995407,
              -33.8154307
            ],
            [
              151.2002358,
              -33.8167015
            ],
            [
              151.201031,
              -33.8181169
            ],
            [
              151.2010087,
              -33.818682
            ],
            [
              151.2009962,
              -33.8187475
            ],
            [
              151.2023646,
              -33.8211748
            ],
            [
              151.2029353,
              -33.8212586
            ],
            [
              151.2039984,
              -33.8224787
            ],
            [
              151.2040514,
              -33.8225915
            ],
            [
              151.2043383,
              -33.8233928
            ],
            [
              151.204319,
              -33.8234707
            ],
            [
              151.2042975,
              -33.8235561
            ],
            [
              151.2030762,
              -33.8250501
            ],
            [
              151.2020238,
              -33.8277636
            ],
            [
              151.202011,
              -33.8278463
            ],
            [
              151.2019995,
              -33.8279217
            ],
            [
              151.2016215,
              -33.8291028
            ],
            [
              151.1989977,
              -33.8292023
            ],
            [
              151.1971855,
              -33.8299317
            ],
            [
              151.1959834,
              -33.8301921
            ],
            [
              151.1938106,
              -33.8303763
            ],
            [
              151.1917127,
              -33.8300825
            ],
            [
              151.1906648,
              -33.8297968
            ],
            [
              151.1897827,
              -33.8290884
            ],
            [
              151.1886227,
              -33.8279668
            ],
            [
              151.1872252,
              -33.8271804
            ],
            [
              151.186067,
              -33.8266477
            ],
            [
              151.1857882,
              -33.824014
            ],
            [
              151.1851647,
              -33.8232584
            ],
            [
              151.185021,
              -33.8203963
            ],
            [
              151.1859925,
              -33.8206327
            ],
            [
              151.1871513,
              -33.8179941
            ],
            [
              151.1868744,
              -33.8176234
            ],
            [
              151.1872053,
              -33.8165218
            ],
            [
              151.1873143,
              -33.8163717
            ]
          ]
        ],
        "type": "Polygon"
      }
    },
    {
      "type": "Feature",
      "properties": {
        "name": "Isochrone - North Strathfield Station",
        "color": "#4F46E5",
        "center_point": [
          151.087986143,
          -33.8586880092
        ]
      },
      "geometry": {
        "coordinates": [
          [
            [
              151.082505,
              -33.8526115
            ],
            [
              151.0834961,
              -33.8511124
            ],
            [
              151.0835295,
              -33.8510906
            ],
            [
              151.0859926,
              -33.8495715
            ],
            [
              151.0860146,
              -33.8495639
            ],
            [
              151.0860351,
              -33.8496989
            ],
            [
              151.0879254,
              -33.8511655
            ],
            [
              151.0890098,
              -33.8504246
            ],
            [
              151.0916097,
              -33.8506602
            ],
            [
              151.0916371,
              -33.8506736
            ],
            [
              151.0916765,
              -33.8508287
            ],
            [
              151.0917361,
              -33.8511156
            ],
            [
              151.0918465,
              -33.8515255
            ],
            [
              151.0919157,
              -33.8518505
            ],
            [
              151.0920808,
              -33.8525253
            ],
            [
              151.0921943,
              -33.8529927
            ],
            [
              151.0925905,
              -33.853803
            ],
            [
              151.0952612,
              -33.8537952
            ],
            [
              151.0954979,
              -33.854625
            ],
            [
              151.0980927,
              -33.8550482
            ],
            [
              151.0981872,
              -33.8550232
            ],
            [
              151.0982817,
              -33.8549982
            ],
            [
              151.0994835,
              -33.8565066
            ],
            [
              151.0995739,
              -33.8567973
            ],
            [
              151.0991677,
              -33.8578967
            ],
            [
              151.0986476,
              -33.8592582
            ],
            [
              151.0986332,
              -33.8592868
            ],
            [
              151.0971621,
              -33.8609679
            ],
            [
              151.0960774,
              -33.8624239
            ],
            [
              151.09505,
              -33.8642613
            ],
            [
              151.0942178,
              -33.8665084
            ],
            [
              151.0941926,
              -33.866567
            ],
            [
              151.0941705,
              -33.8666183
            ],
            [
              151.0940177,
              -33.8667683
            ],
            [
              151.0937657,
              -33.8666668
            ],
            [
              151.0937286,
              -33.866648
            ],
            [
              151.0936384,
              -33.8666022
            ],
            [
              151.0934537,
              -33.8665093
            ],
            [
              151.0924318,
              -33.865934
            ],
            [
              151.0919065,
              -33.8657408
            ],
            [
              151.0892121,
              -33.8667439
            ],
            [
              151.0891154,
              -33.8669383
            ],
            [
              151.0890709,
              -33.8670355
            ],
            [
              151.0877486,
              -33.8658398
            ],
            [
              151.0860376,
              -33.8651388
            ],
            [
              151.085439,
              -33.8649319
            ],
            [
              151.0837758,
              -33.8634016
            ],
            [
              151.0837199,
              -33.8633082
            ],
            [
              151.0827195,
              -33.8619732
            ],
            [
              151.0801726,
              -33.8615575
            ],
            [
              151.0797143,
              -33.8613698
            ],
            [
              151.0793246,
              -33.8611981
            ],
            [
              151.0792101,
              -33.8611476
            ],
            [
              151.0792809,
              -33.8597843
            ],
            [
              151.0800641,
              -33.8570853
            ],
            [
              151.0802521,
              -33.8568955
            ],
            [
              151.0804045,
              -33.8568452
            ],
            [
              151.0813033,
              -33.8565482
            ],
            [
              151.082561,
              -33.8541903
            ],
            [
              151.0822845,
              -33.8532716
            ],
            [
              151.082505,
              -33.8526115
            ]
          ]
        ],
        "type": "Polygon"
      }
    },
    {
      "type": "Feature",
      "properties": {
        "name": "Isochrone - St James Station",
        "color": "#4F46E5",
        "center_point": [
          151.211837375,
          -33.8706974192
        ]
      },
      "geometry": {
        "coordinates": [
          [
            [
              151.2034445,
              -33.8673411
            ],
            [
              151.2048248,
              -33.8655974
            ],
            [
              151.205492,
              -33.8650821
            ],
            [
              151.2073293,
              -33.8635762
            ],
            [
              151.2091461,
              -33.8623386
            ],
            [
              151.2105722,
              -33.8617281
            ],
            [
              151.2119861,
              -33.8612958
            ],
            [
              151.2124189,
              -33.8612021
            ],
            [
              151.213641,
              -33.8611232
            ],
            [
              151.2154382,
              -33.8626962
            ],
            [
              151.2170353,
              -33.8635962
            ],
            [
              151.2181722,
              -33.8647682
            ],
            [
              151.2197774,
              -33.8646194
            ],
            [
              151.220093,
              -33.8651766
            ],
            [
              151.2202579,
              -33.8656224
            ],
            [
              151.2202711,
              -33.8656609
            ],
            [
              151.219977,
              -33.8666253
            ],
            [
              151.2206168,
              -33.8692187
            ],
            [
              151.2214726,
              -33.8699773
            ],
            [
              151.2214612,
              -33.870041
            ],
            [
              151.221445,
              -33.8701312
            ],
            [
              151.2212884,
              -33.8708982
            ],
            [
              151.2208547,
              -33.8732201
            ],
            [
              151.2206186,
              -33.8735414
            ],
            [
              151.2192767,
              -33.8743595
            ],
            [
              151.217928,
              -33.8752141
            ],
            [
              151.2167873,
              -33.875954
            ],
            [
              151.2152252,
              -33.8769869
            ],
            [
              151.2143714,
              -33.8784083
            ],
            [
              151.2136635,
              -33.8781293
            ],
            [
              151.211466,
              -33.8786741
            ],
            [
              151.209033,
              -33.8792319
            ],
            [
              151.2090078,
              -33.8792297
            ],
            [
              151.2085293,
              -33.8789904
            ],
            [
              151.2075231,
              -33.878102
            ],
            [
              151.2073607,
              -33.8779578
            ],
            [
              151.2064679,
              -33.8771575
            ],
            [
              151.2056158,
              -33.8762277
            ],
            [
              151.2056068,
              -33.8762084
            ],
            [
              151.2043172,
              -33.8745028
            ],
            [
              151.2035118,
              -33.874126
            ],
            [
              151.2017412,
              -33.8723894
            ],
            [
              151.2017593,
              -33.8723162
            ],
            [
              151.2021435,
              -33.8708556
            ],
            [
              151.2019932,
              -33.8688092
            ],
            [
              151.2034445,
              -33.8673411
            ]
          ]
        ],
        "type": "Polygon"
      }
    },
    {
      "type": "Feature",
      "properties": {
        "name": "Isochrone - Circular Quay Station",
        "color": "#4F46E5",
        "center_point": [
          151.210389837,
          -33.861323585
        ]
      },
      "geometry": {
        "coordinates": [
          [
            [
              151.2005805,
              -33.857863
            ],
            [
              151.2017195,
              -33.8563604
            ],
            [
              151.2031915,
              -33.8552875
            ],
            [
              151.2052626,
              -33.8543015
            ],
            [
              151.2062811,
              -33.8538807
            ],
            [
              151.2066086,
              -33.8537835
            ],
            [
              151.208099,
              -33.8535195
            ],
            [
              151.2083722,
              -33.8535428
            ],
            [
              151.2084642,
              -33.8535549
            ],
            [
              151.2086173,
              -33.8535867
            ],
            [
              151.2097577,
              -33.8542533
            ],
            [
              151.209824,
              -33.8543096
            ],
            [
              151.2098838,
              -33.8543772
            ],
            [
              151.2101406,
              -33.8547572
            ],
            [
              151.2103694,
              -33.8551204
            ],
            [
              151.2105574,
              -33.8554173
            ],
            [
              151.2105901,
              -33.855481
            ],
            [
              151.2105981,
              -33.8555386
            ],
            [
              151.2105893,
              -33.855604
            ],
            [
              151.2105543,
              -33.8556774
            ],
            [
              151.2103863,
              -33.8573515
            ],
            [
              151.2103916,
              -33.8573677
            ],
            [
              151.2103894,
              -33.8573883
            ],
            [
              151.2103716,
              -33.8574417
            ],
            [
              151.2101045,
              -33.8584997
            ],
            [
              151.2101179,
              -33.8588028
            ],
            [
              151.210129,
              -33.8589803
            ],
            [
              151.2114748,
              -33.8605299
            ],
            [
              151.2125823,
              -33.8599998
            ],
            [
              151.2128725,
              -33.858976
            ],
            [
              151.2128914,
              -33.858947
            ],
            [
              151.2128962,
              -33.8589397
            ],
            [
              151.2129196,
              -33.8589087
            ],
            [
              151.2129713,
              -33.8588401
            ],
            [
              151.2130634,
              -33.8587551
            ],
            [
              151.2131546,
              -33.8586892
            ],
            [
              151.2132515,
              -33.8586346
            ],
            [
              151.2141159,
              -33.8575334
            ],
            [
              151.214129,
              -33.8574885
            ],
            [
              151.2141442,
              -33.8574365
            ],
            [
              151.2141551,
              -33.8573968
            ],
            [
              151.2146395,
              -33.8562086
            ],
            [
              151.2146871,
              -33.8561967
            ],
            [
              151.215216,
              -33.8561777
            ],
            [
              151.2153072,
              -33.8561753
            ],
            [
              151.21542,
              -33.8561877
            ],
            [
              151.2155364,
              -33.8562113
            ],
            [
              151.2156236,
              -33.8562431
            ],
            [
              151.2156985,
              -33.8562901
            ],
            [
              151.2157582,
              -33.8563529
            ],
            [
              151.2159282,
              -33.8566319
            ],
            [
              151.2160005,
              -33.8580996
            ],
            [
              151.2166751,
              -33.8592611
            ],
            [
              151.216788,
              -33.8593831
            ],
            [
              151.2169929,
              -33.8596716
            ],
            [
              151.2170811,
              -33.8598163
            ],
            [
              151.2171488,
              -33.8599658
            ],
            [
              151.2171857,
              -33.8601198
            ],
            [
              151.2172089,
              -33.8603803
            ],
            [
              151.2171971,
              -33.8605346
            ],
            [
              151.2171719,
              -33.8607378
            ],
            [
              151.2171258,
              -33.8609137
            ],
            [
              151.2169415,
              -33.8616243
            ],
            [
              151.2187238,
              -33.863354
            ],
            [
              151.2189918,
              -33.8633209
            ],
            [
              151.2192058,
              -33.8632637
            ],
            [
              151.2193505,
              -33.8632096
            ],
            [
              151.219605,
              -33.8630777
            ],
            [
              151.2198614,
              -33.8628813
            ],
            [
              151.2201276,
              -33.8625889
            ],
            [
              151.2203709,
              -33.8622694
            ],
            [
              151.220737,
              -33.8628934
            ],
            [
              151.2208365,
              -33.8632321
            ],
            [
              151.2208512,
              -33.8632958
            ],
            [
              151.2208423,
              -33.8633361
            ],
            [
              151.2208313,
              -33.8633804
            ],
            [
              151.2208068,
              -33.8634358
            ],
            [
              151.2198312,
              -33.8646496
            ],
            [
              151.2197335,
              -33.8647801
            ],
            [
              151.2183505,
              -33.866995
            ],
            [
              151.2178414,
              -33.8674402
            ],
            [
              151.2166523,
              -33.8683586
            ],
            [
              151.2147483,
              -33.8692362
            ],
            [
              151.2135151,
              -33.8693211
            ],
            [
              151.2116826,
              -33.8704235
            ],
            [
              151.2095637,
              -33.8707975
            ],
            [
              151.2095476,
              -33.8707977
            ],
            [
              151.2082235,
              -33.8707823
            ],
            [
              151.206875,
              -33.8701373
            ],
            [
              151.206136,
              -33.8695049
            ],
            [
              151.2051844,
              -33.8686674
            ],
            [
              151.2033934,
              -33.8668311
            ],
            [
              151.2032529,
              -33.8667382
            ],
            [
              151.201795,
              -33.8657872
            ],
            [
              151.2016353,
              -33.865489
            ],
            [
              151.2020419,
              -33.8641704
            ],
            [
              151.2024823,
              -33.8622792
            ],
            [
              151.202489,
              -33.8622604
            ],
            [
              151.202501,
              -33.8622269
            ],
            [
              151.2026644,
              -33.8612216
            ],
            [
              151.2020424,
              -33.8591755
            ],
            [
              151.2010968,
              -33.858743
            ],
            [
              151.2010416,
              -33.8587321
            ],
            [
              151.2009957,
              -33.8587189
            ],
            [
              151.2009542,
              -33.8587028
            ],
            [
              151.2009141,
              -33.8586833
            ],
            [
              151.2008684,
              -33.8586574
            ],
            [
              151.2008227,
              -33.8586193
            ],
            [
              151.2005739,
              -33.858414
            ],
            [
              151.2004841,
              -33.8583001
            ],
            [
              151.2004632,
              -33.8582734
            ],
            [
              151.2004476,
              -33.8582412
            ],
            [
              151.2004257,
              -33.8581285
            ],
            [
              151.2005805,
              -33.857863
            ]
          ]
        ],
        "type": "Polygon"
      }
    },
    {
      "type": "Feature",
      "properties": {
        "name": "Isochrone - North Ryde Station",
        "color": "#EC4899",
        "center_point": [
          151.13794,
          -33.794422
        ]
      },
      "geometry": {
        "coordinates": [
          [
            [
              151.1315242,
              -33.7876409
            ],
            [
              151.1310924,
              -33.7870646
            ],
            [
              151.1316301,
              -33.7874527
            ],
            [
              151.1338815,
              -33.78698
            ],
            [
              151.1353592,
              -33.7872073
            ],
            [
              151.1353954,
              -33.7872351
            ],
            [
              151.13542,
              -33.7872541
            ],
            [
              151.1379061,
              -33.7871663
            ],
            [
              151.1382265,
              -33.786992
            ],
            [
              151.1383492,
              -33.7869554
            ],
            [
              151.1385215,
              -33.7869189
            ],
            [
              151.13871,
              -33.7869024
            ],
            [
              151.1399943,
              -33.7878117
            ],
            [
              151.1414924,
              -33.7880929
            ],
            [
              151.1426961,
              -33.7884478
            ],
            [
              151.1437786,
              -33.7887348
            ],
            [
              151.1439127,
              -33.7889957
            ],
            [
              151.1444041,
              -33.7900582
            ],
            [
              151.1444436,
              -33.7901477
            ],
            [
              151.1444638,
              -33.7901958
            ],
            [
              151.1444806,
              -33.7902393
            ],
            [
              151.1446717,
              -33.7907342
            ],
            [
              151.1446878,
              -33.7907776
            ],
            [
              151.1447106,
              -33.7908623
            ],
            [
              151.1447173,
              -33.7909041
            ],
            [
              151.1447079,
              -33.7910769
            ],
            [
              151.1459442,
              -33.7932297
            ],
            [
              151.1459903,
              -33.793542
            ],
            [
              151.1460084,
              -33.7936797
            ],
            [
              151.1460071,
              -33.7938624
            ],
            [
              151.1460078,
              -33.7961344
            ],
            [
              151.1460556,
              -33.7972388
            ],
            [
              151.1467843,
              -33.7987562
            ],
            [
              151.1461334,
              -33.7991267
            ],
            [
              151.1457621,
              -33.799214
            ],
            [
              151.1438232,
              -33.8004397
            ],
            [
              151.1434785,
              -33.8007933
            ],
            [
              151.1433878,
              -33.800738
            ],
            [
              151.1422566,
              -33.7997785
            ],
            [
              151.1413701,
              -33.7991275
            ],
            [
              151.1411176,
              -33.7989726
            ],
            [
              151.1400788,
              -33.798358
            ],
            [
              151.1377318,
              -33.799099
            ],
            [
              151.1371937,
              -33.8001064
            ],
            [
              151.1364987,
              -33.8004239
            ],
            [
              151.1353732,
              -33.7999471
            ],
            [
              151.1333981,
              -33.7990755
            ],
            [
              151.1322331,
              -33.7977421
            ],
            [
              151.1307019,
              -33.7964939
            ],
            [
              151.1301044,
              -33.7960494
            ],
            [
              151.1283505,
              -33.7955311
            ],
            [
              151.1281728,
              -33.7954716
            ],
            [
              151.127499,
              -33.795064
            ],
            [
              151.1275904,
              -33.7936691
            ],
            [
              151.1276252,
              -33.7923499
            ],
            [
              151.1278447,
              -33.7916508
            ],
            [
              151.1290921,
              -33.7902524
            ],
            [
              151.1309096,
              -33.7895691
            ],
            [
              151.1315242,
              -33.7876409
            ]
          ]
        ],
        "type": "Polygon"
      }
    },
    {
      "type": "Feature",
      "properties": {
        "name": "Isochrone - Rockdale Station",
        "color": "#4F46E5",
        "center_point": [
          151.136861613,
          -33.9518802725
        ]
      },
      "geometry": {
        "coordinates": [
          [
            [
              151.1279889,
              -33.9482373
            ],
            [
              151.1293097,
              -33.9454088
            ],
            [
              151.1302978,
              -33.9443538
            ],
            [
              151.1317404,
              -33.9447043
            ],
            [
              151.1351913,
              -33.9451763
            ],
            [
              151.1383888,
              -33.9442006
            ],
            [
              151.1413318,
              -33.9430546
            ],
            [
              151.1427737,
              -33.9456539
            ],
            [
              151.1436272,
              -33.9465834
            ],
            [
              151.1456671,
              -33.9490673
            ],
            [
              151.1465759,
              -33.9522647
            ],
            [
              151.1465694,
              -33.9524102
            ],
            [
              151.1466364,
              -33.9552176
            ],
            [
              151.1472992,
              -33.9569821
            ],
            [
              151.1473029,
              -33.9570056
            ],
            [
              151.1472094,
              -33.9571694
            ],
            [
              151.1471718,
              -33.9571689
            ],
            [
              151.1470867,
              -33.9571335
            ],
            [
              151.1470063,
              -33.957101
            ],
            [
              151.146668,
              -33.9569474
            ],
            [
              151.143645,
              -33.9571543
            ],
            [
              151.1425194,
              -33.9585829
            ],
            [
              151.1423395,
              -33.9586453
            ],
            [
              151.142189,
              -33.9586783
            ],
            [
              151.1419975,
              -33.9587103
            ],
            [
              151.1386379,
              -33.9606248
            ],
            [
              151.1376596,
              -33.961363
            ],
            [
              151.1373318,
              -33.9606823
            ],
            [
              151.1346996,
              -33.9592519
            ],
            [
              151.1325478,
              -33.9606764
            ],
            [
              151.1325318,
              -33.9606949
            ],
            [
              151.1324894,
              -33.9607439
            ],
            [
              151.1319914,
              -33.9598755
            ],
            [
              151.1288734,
              -33.9585112
            ],
            [
              151.1287709,
              -33.9553265
            ],
            [
              151.1279811,
              -33.9544226
            ],
            [
              151.1276315,
              -33.9529533
            ],
            [
              151.1277325,
              -33.9495985
            ],
            [
              151.1279338,
              -33.9484598
            ],
            [
              151.1279889,
              -33.9482373
            ]
          ]
        ],
        "type": "Polygon"
      }
    },
    {
      "type": "Feature",
      "properties": {
        "name": "Isochrone - Croydon Station",
        "color": "#4F46E5",
        "center_point": [
          151.115488246,
          -33.8832342462
        ]
      },
      "geometry": {
        "coordinates": [
          [
            [
              151.1070879,
              -33.8769887
            ],
            [
              151.1072481,
              -33.8766115
            ],
            [
              151.1089124,
              -33.8771327
            ],
            [
              151.1100764,
              -33.8757344
            ],
            [
              151.1105628,
              -33.8754354
            ],
            [
              151.1128869,
              -33.8747651
            ],
            [
              151.1133764,
              -33.8748631
            ],
            [
              151.1135172,
              -33.8748853
            ],
            [
              151.1139198,
              -33.8750926
            ],
            [
              151.1160607,
              -33.8749942
            ],
            [
              151.1162113,
              -33.8742574
            ],
            [
              151.1163234,
              -33.8737088
            ],
            [
              151.1182352,
              -33.8752004
            ],
            [
              151.1182587,
              -33.8751954
            ],
            [
              151.1182825,
              -33.8751994
            ],
            [
              151.1186061,
              -33.8752683
            ],
            [
              151.1186066,
              -33.8752859
            ],
            [
              151.1201298,
              -33.8770027
            ],
            [
              151.1205794,
              -33.8770047
            ],
            [
              151.1214125,
              -33.876928
            ],
            [
              151.1226805,
              -33.8765272
            ],
            [
              151.1225659,
              -33.8768147
            ],
            [
              151.122159,
              -33.8777069
            ],
            [
              151.1229221,
              -33.8794961
            ],
            [
              151.1232275,
              -33.8797037
            ],
            [
              151.1234325,
              -33.879843
            ],
            [
              151.1234822,
              -33.8798915
            ],
            [
              151.1234985,
              -33.8799073
            ],
            [
              151.1235296,
              -33.8799427
            ],
            [
              151.1235652,
              -33.8799935
            ],
            [
              151.1239501,
              -33.8805284
            ],
            [
              151.1240681,
              -33.8806929
            ],
            [
              151.123581,
              -33.8815544
            ],
            [
              151.1243846,
              -33.8834757
            ],
            [
              151.1247677,
              -33.8840619
            ],
            [
              151.1251283,
              -33.8861184
            ],
            [
              151.1255396,
              -33.8864247
            ],
            [
              151.1254536,
              -33.886552
            ],
            [
              151.1236968,
              -33.8880136
            ],
            [
              151.1230789,
              -33.8885343
            ],
            [
              151.1220349,
              -33.889087
            ],
            [
              151.120203,
              -33.8893944
            ],
            [
              151.1189448,
              -33.889885
            ],
            [
              151.1172824,
              -33.8906324
            ],
            [
              151.1171824,
              -33.8906247
            ],
            [
              151.1161325,
              -33.8900241
            ],
            [
              151.1161082,
              -33.8900152
            ],
            [
              151.115856,
              -33.8898654
            ],
            [
              151.1137192,
              -33.88973
            ],
            [
              151.1128359,
              -33.8912628
            ],
            [
              151.1127397,
              -33.8914355
            ],
            [
              151.1117509,
              -33.8914559
            ],
            [
              151.1116006,
              -33.891438
            ],
            [
              151.1106254,
              -33.8911932
            ],
            [
              151.1106125,
              -33.8911886
            ],
            [
              151.1106041,
              -33.8911794
            ],
            [
              151.1096936,
              -33.8901385
            ],
            [
              151.1093314,
              -33.8882766
            ],
            [
              151.1089916,
              -33.8876069
            ],
            [
              151.1070637,
              -33.8867747
            ],
            [
              151.1067463,
              -33.8868277
            ],
            [
              151.1060879,
              -33.8869971
            ],
            [
              151.1057174,
              -33.8871844
            ],
            [
              151.1056893,
              -33.8871986
            ],
            [
              151.1056227,
              -33.8872326
            ],
            [
              151.1054605,
              -33.8871267
            ],
            [
              151.1057054,
              -33.8868968
            ],
            [
              151.1060593,
              -33.8847048
            ],
            [
              151.1060758,
              -33.8846213
            ],
            [
              151.106249,
              -33.8833954
            ],
            [
              151.1046135,
              -33.8821645
            ],
            [
              151.104305,
              -33.8817417
            ],
            [
              151.1043854,
              -33.8812233
            ],
            [
              151.1049212,
              -33.8812969
            ],
            [
              151.1065377,
              -33.8800908
            ],
            [
              151.1065273,
              -33.8794082
            ],
            [
              151.1065334,
              -33.8793519
            ],
            [
              151.1065396,
              -33.8792941
            ],
            [
              151.1068409,
              -33.8781171
            ],
            [
              151.1068486,
              -33.8780278
            ],
            [
              151.1069287,
              -33.8776754
            ],
            [
              151.1070669,
              -33.8770944
            ],
            [
              151.1070879,
              -33.8769887
            ]
          ]
        ],
        "type": "Polygon"
      }
    },
    {
      "type": "Feature",
      "properties": {
        "name": "Isochrone - Kogarah Station",
        "color": "#4F46E5",
        "center_point": [
          151.132641462,
          -33.9621493059
        ]
      },
      "geometry": {
        "coordinates": [
          [
            [
              151.1272305,
              -33.9579199
            ],
            [
              151.127208,
              -33.9578944
            ],
            [
              151.1274447,
              -33.9577513
            ],
            [
              151.1278219,
              -33.9575312
            ],
            [
              151.1283874,
              -33.9573889
            ],
            [
              151.1296794,
              -33.9564172
            ],
            [
              151.1303544,
              -33.9560096
            ],
            [
              151.1305475,
              -33.9558968
            ],
            [
              151.1322558,
              -33.9550776
            ],
            [
              151.133211,
              -33.9544132
            ],
            [
              151.1338942,
              -33.9547501
            ],
            [
              151.1356163,
              -33.9548387
            ],
            [
              151.1367485,
              -33.954906
            ],
            [
              151.1376659,
              -33.9559173
            ],
            [
              151.1388862,
              -33.9571379
            ],
            [
              151.1393395,
              -33.9572633
            ],
            [
              151.1392955,
              -33.9585517
            ],
            [
              151.138149,
              -33.9598037
            ],
            [
              151.1386379,
              -33.9606248
            ],
            [
              151.1385097,
              -33.9612532
            ],
            [
              151.1383826,
              -33.961876
            ],
            [
              151.1381269,
              -33.9631286
            ],
            [
              151.1380008,
              -33.9637465
            ],
            [
              151.1378936,
              -33.9642929
            ],
            [
              151.1373249,
              -33.9658606
            ],
            [
              151.1369402,
              -33.9661792
            ],
            [
              151.136591,
              -33.9678129
            ],
            [
              151.1365191,
              -33.9678024
            ],
            [
              151.1364179,
              -33.9677876
            ],
            [
              151.1363474,
              -33.9677773
            ],
            [
              151.1352103,
              -33.9662911
            ],
            [
              151.1346725,
              -33.9664115
            ],
            [
              151.1338423,
              -33.96753
            ],
            [
              151.1338346,
              -33.9675721
            ],
            [
              151.1336364,
              -33.9685289
            ],
            [
              151.1330917,
              -33.9679475
            ],
            [
              151.1312814,
              -33.9678924
            ],
            [
              151.1309793,
              -33.9681791
            ],
            [
              151.130925,
              -33.9682306
            ],
            [
              151.130904,
              -33.9682505
            ],
            [
              151.1308717,
              -33.9682812
            ],
            [
              151.1306294,
              -33.9681648
            ],
            [
              151.1287027,
              -33.9676189
            ],
            [
              151.127694,
              -33.9673897
            ],
            [
              151.1284447,
              -33.9655017
            ],
            [
              151.1281973,
              -33.9650797
            ],
            [
              151.1268722,
              -33.9645279
            ],
            [
              151.1260986,
              -33.9627409
            ],
            [
              151.1262375,
              -33.9616276
            ],
            [
              151.1263081,
              -33.9615791
            ],
            [
              151.1264222,
              -33.9616211
            ],
            [
              151.1278702,
              -33.9621441
            ],
            [
              151.1284302,
              -33.9604164
            ],
            [
              151.1278322,
              -33.9592878
            ],
            [
              151.1272697,
              -33.9579633
            ],
            [
              151.1272305,
              -33.9579199
            ]
          ]
        ],
        "type": "Polygon"
      }
    },
    {
      "type": "Feature",
      "properties": {
        "name": "Isochrone - Carlton Station",
        "color": "#4F46E5",
        "center_point": [
          151.124336923,
          -33.9682663189
        ]
      },
      "geometry": {
        "coordinates": [
          [
            [
              151.1159785,
              -33.9632677
            ],
            [
              151.1174816,
              -33.9602605
            ],
            [
              151.1175571,
              -33.9602162
            ],
            [
              151.1214385,
              -33.9605923
            ],
            [
              151.1240799,
              -33.961128
            ],
            [
              151.1263081,
              -33.9615791
            ],
            [
              151.1280001,
              -33.9621136
            ],
            [
              151.1307056,
              -33.9625735
            ],
            [
              151.1321386,
              -33.9625745
            ],
            [
              151.1326603,
              -33.9625767
            ],
            [
              151.1330628,
              -33.9626564
            ],
            [
              151.1331542,
              -33.9627363
            ],
            [
              151.1345928,
              -33.9652893
            ],
            [
              151.1345189,
              -33.966271
            ],
            [
              151.133946,
              -33.9701956
            ],
            [
              151.1333477,
              -33.9709684
            ],
            [
              151.1325183,
              -33.9717369
            ],
            [
              151.1314262,
              -33.975085
            ],
            [
              151.1314043,
              -33.9751049
            ],
            [
              151.1312928,
              -33.9751919
            ],
            [
              151.1295332,
              -33.9755891
            ],
            [
              151.1263255,
              -33.9758389
            ],
            [
              151.1225263,
              -33.9753495
            ],
            [
              151.1186071,
              -33.9747167
            ],
            [
              151.116417,
              -33.9739531
            ],
            [
              151.1163818,
              -33.9739113
            ],
            [
              151.1163201,
              -33.9723238
            ],
            [
              151.1136719,
              -33.9706888
            ],
            [
              151.1134966,
              -33.9706094
            ],
            [
              151.1134852,
              -33.9705958
            ],
            [
              151.1128932,
              -33.9695838
            ],
            [
              151.1143203,
              -33.9666374
            ],
            [
              151.1159785,
              -33.9632677
            ]
          ]
        ],
        "type": "Polygon"
      }
    },
    {
      "type": "Feature",
      "properties": {
        "name": "Isochrone - North Sydney Station",
        "color": "#4F46E5",
        "center_point": [
          151.207410164,
          -33.8412085291
        ]
      },
      "geometry": {
        "coordinates": [
          [
            [
              151.2006893,
              -33.8362655
            ],
            [
              151.201438,
              -33.8341263
            ],
            [
              151.2019969,
              -33.8336851
            ],
            [
              151.2039962,
              -33.8322533
            ],
            [
              151.2039085,
              -33.8318782
            ],
            [
              151.2040118,
              -33.8318381
            ],
            [
              151.2054367,
              -33.8322806
            ],
            [
              151.2068834,
              -33.8319155
            ],
            [
              151.2070949,
              -33.8318147
            ],
            [
              151.2085132,
              -33.8309529
            ],
            [
              151.2086746,
              -33.8308141
            ],
            [
              151.2102091,
              -33.832393
            ],
            [
              151.2113127,
              -33.8334039
            ],
            [
              151.212635,
              -33.8349331
            ],
            [
              151.2133786,
              -33.8356704
            ],
            [
              151.2141439,
              -33.8365367
            ],
            [
              151.2149013,
              -33.8389501
            ],
            [
              151.2149975,
              -33.8390361
            ],
            [
              151.2160856,
              -33.8398387
            ],
            [
              151.2169164,
              -33.8405437
            ],
            [
              151.217025,
              -33.8426611
            ],
            [
              151.2176468,
              -33.843496
            ],
            [
              151.2178939,
              -33.8439375
            ],
            [
              151.2179029,
              -33.8439567
            ],
            [
              151.2178932,
              -33.8439721
            ],
            [
              151.2167737,
              -33.8447208
            ],
            [
              151.2158097,
              -33.8457144
            ],
            [
              151.2150177,
              -33.8466633
            ],
            [
              151.2132726,
              -33.8482188
            ],
            [
              151.2112758,
              -33.8497343
            ],
            [
              151.2112118,
              -33.8497776
            ],
            [
              151.211032,
              -33.8497581
            ],
            [
              151.2104494,
              -33.8493116
            ],
            [
              151.2097345,
              -33.8486258
            ],
            [
              151.2093936,
              -33.8478894
            ],
            [
              151.2093327,
              -33.8475661
            ],
            [
              151.2093527,
              -33.8473665
            ],
            [
              151.2093571,
              -33.8472378
            ],
            [
              151.2094113,
              -33.8467822
            ],
            [
              151.209429,
              -33.8461504
            ],
            [
              151.2079088,
              -33.844477
            ],
            [
              151.2068588,
              -33.8446016
            ],
            [
              151.2060911,
              -33.8467806
            ],
            [
              151.2066001,
              -33.8487288
            ],
            [
              151.2066285,
              -33.8487634
            ],
            [
              151.2066882,
              -33.8488684
            ],
            [
              151.2066401,
              -33.8488718
            ],
            [
              151.206563,
              -33.8488768
            ],
            [
              151.2060072,
              -33.8488759
            ],
            [
              151.2037915,
              -33.8493636
            ],
            [
              151.2037398,
              -33.8493356
            ],
            [
              151.203236,
              -33.8485939
            ],
            [
              151.202832,
              -33.8476074
            ],
            [
              151.2019922,
              -33.8458074
            ],
            [
              151.2011141,
              -33.8454267
            ],
            [
              151.201042,
              -33.8454136
            ],
            [
              151.2009649,
              -33.8453875
            ],
            [
              151.2008472,
              -33.8453256
            ],
            [
              151.2005144,
              -33.8451285
            ],
            [
              151.2001478,
              -33.8449033
            ],
            [
              151.200093,
              -33.8448601
            ],
            [
              151.2000372,
              -33.8447961
            ],
            [
              151.19994,
              -33.8446306
            ],
            [
              151.2000732,
              -33.8442039
            ],
            [
              151.2001062,
              -33.8441175
            ],
            [
              151.2001123,
              -33.8441024
            ],
            [
              151.2001732,
              -33.8439319
            ],
            [
              151.1997554,
              -33.8418878
            ],
            [
              151.1978231,
              -33.841618
            ],
            [
              151.1977864,
              -33.8416242
            ],
            [
              151.1977492,
              -33.84162
            ],
            [
              151.1977158,
              -33.8416059
            ],
            [
              151.197498,
              -33.8415106
            ],
            [
              151.1975508,
              -33.8406866
            ],
            [
              151.1978547,
              -33.839653
            ],
            [
              151.1978624,
              -33.8396326
            ],
            [
              151.1993328,
              -33.8381171
            ],
            [
              151.2003134,
              -33.8367067
            ],
            [
              151.2006893,
              -33.8362655
            ]
          ]
        ],
        "type": "Polygon"
      }
    },
    {
      "type": "Feature",
      "properties": {
        "name": "Isochrone - Macquarie Park Station",
        "color": "#EC4899",
        "center_point": [
          151.128641,
          -33.785013
        ]
      },
      "geometry": {
        "coordinates": [
          [
            [
              151.1193049,
              -33.7796359
            ],
            [
              151.1195668,
              -33.7786919
            ],
            [
              151.1196248,
              -33.7786368
            ],
            [
              151.1201696,
              -33.7784072
            ],
            [
              151.1224794,
              -33.7785142
            ],
            [
              151.1252872,
              -33.7780362
            ],
            [
              151.126028,
              -33.7779295
            ],
            [
              151.1281146,
              -33.7786018
            ],
            [
              151.1308506,
              -33.7775066
            ],
            [
              151.1336835,
              -33.7768744
            ],
            [
              151.1352317,
              -33.7774847
            ],
            [
              151.1351587,
              -33.7788558
            ],
            [
              151.1351167,
              -33.778916
            ],
            [
              151.134556,
              -33.7799837
            ],
            [
              151.1345474,
              -33.7799966
            ],
            [
              151.1340244,
              -33.7845134
            ],
            [
              151.1379444,
              -33.7856017
            ],
            [
              151.138503,
              -33.7856999
            ],
            [
              151.1385425,
              -33.7857066
            ],
            [
              151.1385788,
              -33.7857296
            ],
            [
              151.138993,
              -33.7861021
            ],
            [
              151.1388052,
              -33.7862971
            ],
            [
              151.1385499,
              -33.7865498
            ],
            [
              151.1385043,
              -33.7865704
            ],
            [
              151.1384493,
              -33.7865743
            ],
            [
              151.13542,
              -33.7872541
            ],
            [
              151.1339994,
              -33.7899185
            ],
            [
              151.1353306,
              -33.7927646
            ],
            [
              151.1353487,
              -33.7928059
            ],
            [
              151.1353547,
              -33.7930812
            ],
            [
              151.1353473,
              -33.7931218
            ],
            [
              151.1353269,
              -33.7931357
            ],
            [
              151.1348508,
              -33.7933401
            ],
            [
              151.1323407,
              -33.7929766
            ],
            [
              151.1289724,
              -33.7925496
            ],
            [
              151.1262369,
              -33.7924672
            ],
            [
              151.1220476,
              -33.7925167
            ],
            [
              151.1206347,
              -33.7911409
            ],
            [
              151.1194136,
              -33.786653
            ],
            [
              151.118437,
              -33.7851888
            ],
            [
              151.1180793,
              -33.7844744
            ],
            [
              151.1180793,
              -33.784432
            ],
            [
              151.1193205,
              -33.7799711
            ],
            [
              151.1193049,
              -33.7796359
            ]
          ]
        ],
        "type": "Polygon"
      }
    },
    {
      "type": "Feature",
      "properties": {
        "name": "Isochrone - Hurstville Station",
        "color": "#4F46E5",
        "center_point": [
          151.102757149,
          -33.9674535563
        ]
      },
      "geometry": {
        "coordinates": [
          [
            [
              151.0922802,
              -33.9633709
            ],
            [
              151.094622,
              -33.9602069
            ],
            [
              151.0953511,
              -33.9595773
            ],
            [
              151.0953743,
              -33.95956
            ],
            [
              151.0954092,
              -33.9595517
            ],
            [
              151.0954448,
              -33.9595578
            ],
            [
              151.0991379,
              -33.9597519
            ],
            [
              151.1001314,
              -33.9594297
            ],
            [
              151.1008737,
              -33.9591776
            ],
            [
              151.1041752,
              -33.959875
            ],
            [
              151.1054014,
              -33.9601189
            ],
            [
              151.1090236,
              -33.9606387
            ],
            [
              151.1093405,
              -33.9610565
            ],
            [
              151.1114637,
              -33.9648016
            ],
            [
              151.1143133,
              -33.9666786
            ],
            [
              151.1129896,
              -33.969696
            ],
            [
              151.1112467,
              -33.9726087
            ],
            [
              151.1100379,
              -33.9750083
            ],
            [
              151.1093429,
              -33.9754165
            ],
            [
              151.1092641,
              -33.9754625
            ],
            [
              151.109197,
              -33.9755015
            ],
            [
              151.1082244,
              -33.9759849
            ],
            [
              151.1059558,
              -33.9761195
            ],
            [
              151.1022137,
              -33.9747023
            ],
            [
              151.099067,
              -33.9743449
            ],
            [
              151.0958892,
              -33.9738439
            ],
            [
              151.0928543,
              -33.9735187
            ],
            [
              151.0929371,
              -33.9720157
            ],
            [
              151.0943681,
              -33.9704418
            ],
            [
              151.0943478,
              -33.9674254
            ],
            [
              151.0941111,
              -33.9666828
            ],
            [
              151.0926319,
              -33.9644541
            ],
            [
              151.0922721,
              -33.9637046
            ],
            [
              151.0922802,
              -33.9633709
            ]
          ]
        ],
        "type": "Polygon"
      }
    },
    {
      "type": "Feature",
      "properties": {
        "name": "Isochrone - Allawah Station",
        "color": "#4F46E5",
        "center_point": [
          151.11432998,
          -33.9695839058
        ]
      },
      "geometry": {
        "coordinates": [
          [
            [
              151.1050548,
              -33.9658785
            ],
            [
              151.1058151,
              -33.9646873
            ],
            [
              151.1075265,
              -33.9635733
            ],
            [
              151.1100977,
              -33.9643094
            ],
            [
              151.1102712,
              -33.9621599
            ],
            [
              151.1101191,
              -33.9619923
            ],
            [
              151.1104155,
              -33.9620194
            ],
            [
              151.1128025,
              -33.9621584
            ],
            [
              151.1128358,
              -33.9621692
            ],
            [
              151.1128809,
              -33.962262
            ],
            [
              151.1129329,
              -33.9623693
            ],
            [
              151.1150939,
              -33.963796
            ],
            [
              151.1156937,
              -33.9633394
            ],
            [
              151.115746,
              -33.9634009
            ],
            [
              151.115799,
              -33.9634632
            ],
            [
              151.1173134,
              -33.9649529
            ],
            [
              151.1185811,
              -33.9647363
            ],
            [
              151.1186406,
              -33.9647011
            ],
            [
              151.1187149,
              -33.9646572
            ],
            [
              151.1193381,
              -33.9642892
            ],
            [
              151.1194108,
              -33.9642463
            ],
            [
              151.119464,
              -33.9642143
            ],
            [
              151.1194926,
              -33.9642475
            ],
            [
              151.1195208,
              -33.9642803
            ],
            [
              151.1195731,
              -33.9643418
            ],
            [
              151.1195166,
              -33.9643759
            ],
            [
              151.1194444,
              -33.9644207
            ],
            [
              151.1181533,
              -33.9659372
            ],
            [
              151.1186562,
              -33.9679218
            ],
            [
              151.1195469,
              -33.9689752
            ],
            [
              151.1220603,
              -33.968997
            ],
            [
              151.1222308,
              -33.9689646
            ],
            [
              151.123949,
              -33.967944
            ],
            [
              151.124118,
              -33.9679108
            ],
            [
              151.12594,
              -33.9682627
            ],
            [
              151.1259962,
              -33.9683292
            ],
            [
              151.1256763,
              -33.9699096
            ],
            [
              151.1256279,
              -33.9699382
            ],
            [
              151.1255474,
              -33.9699859
            ],
            [
              151.1247714,
              -33.9704381
            ],
            [
              151.1237668,
              -33.9726595
            ],
            [
              151.1235254,
              -33.9746899
            ],
            [
              151.1235252,
              -33.9747102
            ],
            [
              151.1235177,
              -33.9747294
            ],
            [
              151.1235035,
              -33.974746
            ],
            [
              151.1215889,
              -33.9759896
            ],
            [
              151.1211467,
              -33.9771146
            ],
            [
              151.1210776,
              -33.9771627
            ],
            [
              151.1210363,
              -33.9771202
            ],
            [
              151.1207684,
              -33.9768521
            ],
            [
              151.1205337,
              -33.9766148
            ],
            [
              151.1202603,
              -33.9763437
            ],
            [
              151.1201306,
              -33.9762107
            ],
            [
              151.1200875,
              -33.9761698
            ],
            [
              151.120049,
              -33.976133
            ],
            [
              151.1188865,
              -33.9753609
            ],
            [
              151.1175645,
              -33.9752849
            ],
            [
              151.1166213,
              -33.9769353
            ],
            [
              151.1152198,
              -33.977393
            ],
            [
              151.1145349,
              -33.9765692
            ],
            [
              151.1145219,
              -33.9765563
            ],
            [
              151.1145141,
              -33.976543
            ],
            [
              151.1142911,
              -33.9761119
            ],
            [
              151.1127766,
              -33.9742366
            ],
            [
              151.1118874,
              -33.9748592
            ],
            [
              151.1113903,
              -33.97514
            ],
            [
              151.110571,
              -33.9756503
            ],
            [
              151.110087,
              -33.975068
            ],
            [
              151.1100379,
              -33.9750083
            ],
            [
              151.1085989,
              -33.973385
            ],
            [
              151.1077454,
              -33.9723841
            ],
            [
              151.1054382,
              -33.972829
            ],
            [
              151.1053588,
              -33.9728671
            ],
            [
              151.1053177,
              -33.972704
            ],
            [
              151.1047258,
              -33.9703316
            ],
            [
              151.1040781,
              -33.9695753
            ],
            [
              151.103209,
              -33.9687962
            ],
            [
              151.1042691,
              -33.9677445
            ],
            [
              151.1050548,
              -33.9658785
            ]
          ]
        ],
        "type": "Polygon"
      }
    },
    {
      "type": "Feature",
      "properties": {
        "name": "Isochrone - Flemington Station",
        "color": "#4F46E5",
        "center_point": [
          151.069766513,
          -33.8648222877
        ]
      },
      "geometry": {
        "coordinates": [
          [
            [
              151.0615421,
              -33.8605161
            ],
            [
              151.0616026,
              -33.860419
            ],
            [
              151.0616277,
              -33.8603948
            ],
            [
              151.0616653,
              -33.860381
            ],
            [
              151.0617156,
              -33.8603809
            ],
            [
              151.0617501,
              -33.8603918
            ],
            [
              151.0617713,
              -33.860407
            ],
            [
              151.0617929,
              -33.8604274
            ],
            [
              151.0630014,
              -33.8613127
            ],
            [
              151.0643781,
              -33.8615684
            ],
            [
              151.0668419,
              -33.8595916
            ],
            [
              151.0689427,
              -33.8583628
            ],
            [
              151.0704103,
              -33.8588948
            ],
            [
              151.073379,
              -33.8583276
            ],
            [
              151.0757125,
              -33.8596694
            ],
            [
              151.0774852,
              -33.8619617
            ],
            [
              151.0785423,
              -33.8622209
            ],
            [
              151.0791222,
              -33.8623925
            ],
            [
              151.0795634,
              -33.8625685
            ],
            [
              151.0799964,
              -33.8627615
            ],
            [
              151.0807044,
              -33.8633973
            ],
            [
              151.0822086,
              -33.8656654
            ],
            [
              151.0821813,
              -33.8657309
            ],
            [
              151.0820801,
              -33.8657077
            ],
            [
              151.080821,
              -33.8653107
            ],
            [
              151.0802934,
              -33.8652051
            ],
            [
              151.0778127,
              -33.8669139
            ],
            [
              151.0789827,
              -33.8693549
            ],
            [
              151.0776595,
              -33.869318
            ],
            [
              151.0776375,
              -33.8693192
            ],
            [
              151.0759772,
              -33.869978
            ],
            [
              151.0751211,
              -33.8723545
            ],
            [
              151.0750981,
              -33.872417
            ],
            [
              151.0750904,
              -33.8724335
            ],
            [
              151.0736251,
              -33.8729737
            ],
            [
              151.070758,
              -33.8723449
            ],
            [
              151.0696115,
              -33.8731177
            ],
            [
              151.0693875,
              -33.8732907
            ],
            [
              151.0677886,
              -33.8735102
            ],
            [
              151.0671627,
              -33.8735502
            ],
            [
              151.0668461,
              -33.8732704
            ],
            [
              151.0668165,
              -33.8732434
            ],
            [
              151.0667746,
              -33.8731901
            ],
            [
              151.0666644,
              -33.8730429
            ],
            [
              151.0666227,
              -33.8729755
            ],
            [
              151.0665836,
              -33.872898
            ],
            [
              151.0660663,
              -33.8718696
            ],
            [
              151.0645358,
              -33.8698137
            ],
            [
              151.0644956,
              -33.8697519
            ],
            [
              151.0644867,
              -33.8697224
            ],
            [
              151.0635703,
              -33.8678948
            ],
            [
              151.061843,
              -33.8668598
            ],
            [
              151.0612734,
              -33.8666223
            ],
            [
              151.0602549,
              -33.8662776
            ],
            [
              151.0603933,
              -33.8658709
            ],
            [
              151.0613385,
              -33.8642988
            ],
            [
              151.0614105,
              -33.8614533
            ],
            [
              151.0613725,
              -33.8612821
            ],
            [
              151.0613655,
              -33.8611933
            ],
            [
              151.061365,
              -33.8611045
            ],
            [
              151.0613677,
              -33.8610211
            ],
            [
              151.0613835,
              -33.8609405
            ],
            [
              151.0614309,
              -33.8607877
            ],
            [
              151.0614815,
              -33.8606431
            ],
            [
              151.0615421,
              -33.8605161
            ]
          ]
        ],
        "type": "Polygon"
      }
    },
    {
      "type": "Feature",
      "properties": {
        "name": "Isochrone - Rhodes Station",
        "color": "#4F46E5",
        "center_point": [
          151.08703226,
          -33.8305303567
        ]
      },
      "geometry": {
        "coordinates": [
          [
            [
              151.0783552,
              -33.8252973
            ],
            [
              151.0784586,
              -33.8251761
            ],
            [
              151.0792339,
              -33.8250417
            ],
            [
              151.0797577,
              -33.8256595
            ],
            [
              151.0847762,
              -33.8259719
            ],
            [
              151.0854719,
              -33.8251264
            ],
            [
              151.086112,
              -33.8243615
            ],
            [
              151.0868728,
              -33.8234657
            ],
            [
              151.0870669,
              -33.8232467
            ],
            [
              151.0871514,
              -33.8231622
            ],
            [
              151.087246,
              -33.8231034
            ],
            [
              151.0873645,
              -33.8230567
            ],
            [
              151.0891738,
              -33.8226195
            ],
            [
              151.093136,
              -33.8238749
            ],
            [
              151.0936744,
              -33.8243866
            ],
            [
              151.0938033,
              -33.8245386
            ],
            [
              151.0937267,
              -33.825435
            ],
            [
              151.0936954,
              -33.8255011
            ],
            [
              151.0926253,
              -33.8281514
            ],
            [
              151.0926128,
              -33.8282143
            ],
            [
              151.0925621,
              -33.8282761
            ],
            [
              151.0924664,
              -33.8283474
            ],
            [
              151.0922642,
              -33.8284581
            ],
            [
              151.0907453,
              -33.8324005
            ],
            [
              151.0947195,
              -33.834608
            ],
            [
              151.0947726,
              -33.8346653
            ],
            [
              151.0948842,
              -33.8347855
            ],
            [
              151.0941055,
              -33.8376442
            ],
            [
              151.0919313,
              -33.8382889
            ],
            [
              151.0883159,
              -33.8397968
            ],
            [
              151.0881286,
              -33.8398282
            ],
            [
              151.0842978,
              -33.8403891
            ],
            [
              151.08379,
              -33.8403305
            ],
            [
              151.0833527,
              -33.8396848
            ],
            [
              151.083158,
              -33.8366036
            ],
            [
              151.0830191,
              -33.8342746
            ],
            [
              151.083086,
              -33.8332435
            ],
            [
              151.0831343,
              -33.8324977
            ],
            [
              151.0831533,
              -33.8322148
            ],
            [
              151.0832462,
              -33.8307722
            ],
            [
              151.0832394,
              -33.8296133
            ],
            [
              151.0796992,
              -33.8267876
            ],
            [
              151.0794099,
              -33.8266706
            ],
            [
              151.0792853,
              -33.8265968
            ],
            [
              151.0791867,
              -33.8265384
            ],
            [
              151.0790678,
              -33.8264679
            ],
            [
              151.0783438,
              -33.8253716
            ],
            [
              151.0783552,
              -33.8252973
            ]
          ]
        ],
        "type": "Polygon"
      }
    },
    {
      "type": "Feature",
      "properties": {
        "name": "Isochrone - Olympic Park Station",
        "color": "#4F46E5",
        "center_point": [
          151.069547249,
          -33.8465201324
        ]
      },
      "geometry": {
        "coordinates": [
          [
            [
              151.0613137,
              -33.8431433
            ],
            [
              151.0616692,
              -33.8411692
            ],
            [
              151.0627676,
              -33.8412982
            ],
            [
              151.0646188,
              -33.8412297
            ],
            [
              151.0660055,
              -33.8407251
            ],
            [
              151.0675093,
              -33.8386289
            ],
            [
              151.0678886,
              -33.8386543
            ],
            [
              151.0697449,
              -33.8394536
            ],
            [
              151.0710601,
              -33.8393227
            ],
            [
              151.0718707,
              -33.839156
            ],
            [
              151.0718625,
              -33.8392027
            ],
            [
              151.0716745,
              -33.8393966
            ],
            [
              151.0707554,
              -33.8410314
            ],
            [
              151.0705272,
              -33.8431932
            ],
            [
              151.0719777,
              -33.8441494
            ],
            [
              151.0721552,
              -33.8441663
            ],
            [
              151.0723361,
              -33.8441836
            ],
            [
              151.0727048,
              -33.8442011
            ],
            [
              151.0742279,
              -33.8434808
            ],
            [
              151.0744441,
              -33.8433982
            ],
            [
              151.0746532,
              -33.8433183
            ],
            [
              151.0760748,
              -33.8411215
            ],
            [
              151.0760112,
              -33.8405652
            ],
            [
              151.0760685,
              -33.8405506
            ],
            [
              151.0760964,
              -33.840544
            ],
            [
              151.0761203,
              -33.8405412
            ],
            [
              151.0761498,
              -33.8405422
            ],
            [
              151.0761799,
              -33.840546
            ],
            [
              151.0763924,
              -33.8405769
            ],
            [
              151.0763099,
              -33.8411099
            ],
            [
              151.0762011,
              -33.8420164
            ],
            [
              151.0761786,
              -33.842479
            ],
            [
              151.0761575,
              -33.8430416
            ],
            [
              151.0761422,
              -33.8431917
            ],
            [
              151.0761163,
              -33.8434239
            ],
            [
              151.0766013,
              -33.8457551
            ],
            [
              151.0776832,
              -33.846696
            ],
            [
              151.0777,
              -33.8467065
            ],
            [
              151.0777234,
              -33.8467372
            ],
            [
              151.0783881,
              -33.8481195
            ],
            [
              151.0784308,
              -33.8482236
            ],
            [
              151.0774867,
              -33.8502824
            ],
            [
              151.0762097,
              -33.8526784
            ],
            [
              151.0761827,
              -33.8527866
            ],
            [
              151.0761277,
              -33.8527203
            ],
            [
              151.0760793,
              -33.8526618
            ],
            [
              151.0753322,
              -33.8516853
            ],
            [
              151.0744107,
              -33.850481
            ],
            [
              151.0725165,
              -33.8514182
            ],
            [
              151.0724984,
              -33.8514695
            ],
            [
              151.0720001,
              -33.8538607
            ],
            [
              151.0717426,
              -33.8539831
            ],
            [
              151.0712755,
              -33.8540946
            ],
            [
              151.0711561,
              -33.8539371
            ],
            [
              151.0711021,
              -33.8538681
            ],
            [
              151.0686951,
              -33.8525684
            ],
            [
              151.0685538,
              -33.8526523
            ],
            [
              151.067589,
              -33.8537564
            ],
            [
              151.0655817,
              -33.8536615
            ],
            [
              151.0653088,
              -33.853621
            ],
            [
              151.0628355,
              -33.8531241
            ],
            [
              151.062784,
              -33.8530979
            ],
            [
              151.0627094,
              -33.852819
            ],
            [
              151.0613282,
              -33.8510673
            ],
            [
              151.059252,
              -33.8515535
            ],
            [
              151.0589916,
              -33.8509055
            ],
            [
              151.0591608,
              -33.8481473
            ],
            [
              151.0591488,
              -33.8481218
            ],
            [
              151.0591398,
              -33.8480939
            ],
            [
              151.0591401,
              -33.8480668
            ],
            [
              151.0591472,
              -33.8480434
            ],
            [
              151.0591646,
              -33.8480227
            ],
            [
              151.0603199,
              -33.8457063
            ],
            [
              151.0603321,
              -33.8450839
            ],
            [
              151.0613137,
              -33.8431433
            ]
          ]
        ],
        "type": "Polygon"
      }
    },
    {
      "type": "Feature",
      "properties": {
        "name": "Isochrone - Artarmon Station",
        "color": "#4F46E5",
        "center_point": [
          151.185293878,
          -33.8089026435
        ]
      },
      "geometry": {
        "coordinates": [
          [
            [
              151.176006,
              -33.8061728
            ],
            [
              151.1773373,
              -33.8036822
            ],
            [
              151.1793242,
              -33.8027503
            ],
            [
              151.1807837,
              -33.8015968
            ],
            [
              151.1824959,
              -33.8003682
            ],
            [
              151.1854416,
              -33.7997664
            ],
            [
              151.188138,
              -33.801402
            ],
            [
              151.188745,
              -33.8014115
            ],
            [
              151.1888032,
              -33.801412
            ],
            [
              151.1892882,
              -33.8014739
            ],
            [
              151.1907132,
              -33.8029341
            ],
            [
              151.1932087,
              -33.8052533
            ],
            [
              151.1933088,
              -33.8057509
            ],
            [
              151.1933022,
              -33.8057881
            ],
            [
              151.1936572,
              -33.8081651
            ],
            [
              151.1958218,
              -33.8099886
            ],
            [
              151.1965472,
              -33.8100852
            ],
            [
              151.1966087,
              -33.8100934
            ],
            [
              151.1968192,
              -33.8101278
            ],
            [
              151.1966057,
              -33.8102728
            ],
            [
              151.1954868,
              -33.8110165
            ],
            [
              151.194021,
              -33.8130965
            ],
            [
              151.1939119,
              -33.8133939
            ],
            [
              151.1929424,
              -33.8151994
            ],
            [
              151.1926681,
              -33.8168973
            ],
            [
              151.1926422,
              -33.8169637
            ],
            [
              151.1920268,
              -33.8174266
            ],
            [
              151.1901986,
              -33.8171262
            ],
            [
              151.1879404,
              -33.817255
            ],
            [
              151.1878206,
              -33.8172312
            ],
            [
              151.1844507,
              -33.8167901
            ],
            [
              151.1820837,
              -33.8146316
            ],
            [
              151.1820449,
              -33.814575
            ],
            [
              151.1805814,
              -33.8116884
            ],
            [
              151.1794137,
              -33.8116748
            ],
            [
              151.1781004,
              -33.8117441
            ],
            [
              151.1757346,
              -33.8125116
            ],
            [
              151.1755693,
              -33.8125861
            ],
            [
              151.1754964,
              -33.8126155
            ],
            [
              151.1754483,
              -33.8124961
            ],
            [
              151.1753927,
              -33.8123075
            ],
            [
              151.1753577,
              -33.8121872
            ],
            [
              151.1753308,
              -33.812087
            ],
            [
              151.1752196,
              -33.811511
            ],
            [
              151.1756207,
              -33.8099858
            ],
            [
              151.1759318,
              -33.8076992
            ],
            [
              151.1759667,
              -33.8068126
            ],
            [
              151.176006,
              -33.8061728
            ]
          ]
        ],
        "type": "Polygon"
      }
    },
    {
      "type": "Feature",
      "properties": {
        "name": "Isochrone - Macquarie University Station",
        "color": "#EC4899",
        "center_point": [
          151.118187,
          -33.777413
        ]
      },
      "geometry": {
        "coordinates": [
          [
            [
              151.1087044,
              -33.7728244
            ],
            [
              151.1097926,
              -33.7714102
            ],
            [
              151.1098887,
              -33.7713506
            ],
            [
              151.1107029,
              -33.7711039
            ],
            [
              151.1107863,
              -33.7711724
            ],
            [
              151.1130969,
              -33.772744
            ],
            [
              151.1155017,
              -33.7718284
            ],
            [
              151.1158968,
              -33.7711589
            ],
            [
              151.1159082,
              -33.7711362
            ],
            [
              151.1159275,
              -33.7711176
            ],
            [
              151.1159529,
              -33.771105
            ],
            [
              151.1165093,
              -33.7708645
            ],
            [
              151.1190509,
              -33.7699778
            ],
            [
              151.1207888,
              -33.7700827
            ],
            [
              151.1199444,
              -33.7712391
            ],
            [
              151.1213013,
              -33.7737102
            ],
            [
              151.1213502,
              -33.7737665
            ],
            [
              151.1229439,
              -33.7747872
            ],
            [
              151.1230666,
              -33.7748311
            ],
            [
              151.1231771,
              -33.7748707
            ],
            [
              151.1232951,
              -33.7749142
            ],
            [
              151.1235812,
              -33.7750982
            ],
            [
              151.123672,
              -33.775161
            ],
            [
              151.1238078,
              -33.7752552
            ],
            [
              151.1242042,
              -33.7755299
            ],
            [
              151.1255099,
              -33.7765197
            ],
            [
              151.1257658,
              -33.7767003
            ],
            [
              151.1263599,
              -33.7773441
            ],
            [
              151.1271478,
              -33.779505
            ],
            [
              151.1273706,
              -33.7821008
            ],
            [
              151.1278029,
              -33.7840714
            ],
            [
              151.127666,
              -33.7843771
            ],
            [
              151.1275906,
              -33.7844451
            ],
            [
              151.1253598,
              -33.7845773
            ],
            [
              151.1225297,
              -33.7839657
            ],
            [
              151.1207587,
              -33.7852488
            ],
            [
              151.1192138,
              -33.7853938
            ],
            [
              151.119048,
              -33.7853351
            ],
            [
              151.1186776,
              -33.7851866
            ],
            [
              151.118344,
              -33.7850335
            ],
            [
              151.1154068,
              -33.7848603
            ],
            [
              151.1150588,
              -33.7849014
            ],
            [
              151.1127201,
              -33.7843192
            ],
            [
              151.111504,
              -33.7844192
            ],
            [
              151.1104533,
              -33.7845449
            ],
            [
              151.11039,
              -33.7844971
            ],
            [
              151.1104736,
              -33.7817366
            ],
            [
              151.1094848,
              -33.7807525
            ],
            [
              151.1073194,
              -33.7785172
            ],
            [
              151.1067324,
              -33.7783857
            ],
            [
              151.1071278,
              -33.776034
            ],
            [
              151.1081795,
              -33.7736905
            ],
            [
              151.1087044,
              -33.7728244
            ]
          ]
        ],
        "type": "Polygon"
      }
    },
    {
      "type": "Feature",
      "properties": {
        "name": "Isochrone - Roseville Station",
        "color": "#4F46E5",
        "center_point": [
          151.177265981,
          -33.7842202564
        ]
      },
      "geometry": {
        "coordinates": [
          [
            [
              151.1690263,
              -33.7786942
            ],
            [
              151.1700275,
              -33.7766621
            ],
            [
              151.1722022,
              -33.7770852
            ],
            [
              151.1731852,
              -33.7766708
            ],
            [
              151.1732041,
              -33.7766588
            ],
            [
              151.1732283,
              -33.7766519
            ],
            [
              151.1732539,
              -33.7766518
            ],
            [
              151.1732782,
              -33.7766586
            ],
            [
              151.1732985,
              -33.7766715
            ],
            [
              151.1733127,
              -33.7766892
            ],
            [
              151.1733192,
              -33.7767086
            ],
            [
              151.1739808,
              -33.7777527
            ],
            [
              151.1764939,
              -33.7766358
            ],
            [
              151.1765642,
              -33.776604
            ],
            [
              151.1778674,
              -33.7760154
            ],
            [
              151.1801029,
              -33.7762869
            ],
            [
              151.1818069,
              -33.7765192
            ],
            [
              151.1833389,
              -33.7764948
            ],
            [
              151.1835598,
              -33.7767718
            ],
            [
              151.185961,
              -33.7778037
            ],
            [
              151.1866298,
              -33.7782438
            ],
            [
              151.1865648,
              -33.7783813
            ],
            [
              151.1868622,
              -33.780811
            ],
            [
              151.1881113,
              -33.7816221
            ],
            [
              151.1876509,
              -33.7818046
            ],
            [
              151.1875568,
              -33.7818559
            ],
            [
              151.1874712,
              -33.7819026
            ],
            [
              151.186001,
              -33.7820684
            ],
            [
              151.1855714,
              -33.7841822
            ],
            [
              151.1869855,
              -33.7850419
            ],
            [
              151.1870316,
              -33.7851443
            ],
            [
              151.1870878,
              -33.7852691
            ],
            [
              151.1872108,
              -33.7855372
            ],
            [
              151.186707,
              -33.7870542
            ],
            [
              151.1865471,
              -33.7871042
            ],
            [
              151.1852476,
              -33.7895086
            ],
            [
              151.1852493,
              -33.7895262
            ],
            [
              151.1852454,
              -33.7895436
            ],
            [
              151.1852361,
              -33.7895595
            ],
            [
              151.1843902,
              -33.7907187
            ],
            [
              151.1837556,
              -33.7920839
            ],
            [
              151.1810938,
              -33.7924693
            ],
            [
              151.1805268,
              -33.7926576
            ],
            [
              151.1801046,
              -33.792782
            ],
            [
              151.1800575,
              -33.7926988
            ],
            [
              151.1781993,
              -33.7910995
            ],
            [
              151.1775797,
              -33.7910462
            ],
            [
              151.1755986,
              -33.7894204
            ],
            [
              151.1752405,
              -33.7895079
            ],
            [
              151.1751151,
              -33.7895441
            ],
            [
              151.174579,
              -33.7897544
            ],
            [
              151.1737886,
              -33.7899065
            ],
            [
              151.1728382,
              -33.7903446
            ],
            [
              151.1709573,
              -33.7894671
            ],
            [
              151.1689718,
              -33.7878564
            ],
            [
              151.1676138,
              -33.7878346
            ],
            [
              151.167573,
              -33.7878245
            ],
            [
              151.1675526,
              -33.7877664
            ],
            [
              151.1680055,
              -33.7857078
            ],
            [
              151.1669652,
              -33.7847809
            ],
            [
              151.1672421,
              -33.7845641
            ],
            [
              151.1681194,
              -33.782058
            ],
            [
              151.1680093,
              -33.7801389
            ],
            [
              151.1690263,
              -33.7786942
            ]
          ]
        ],
        "type": "Polygon"
      }
    },
    {
      "type": "Feature",
      "properties": {
        "name": "Isochrone - Lidcombe Station",
        "color": "#4F46E5",
        "center_point": [
          151.045389501,
          -33.8638893463
        ]
      },
      "geometry": {
        "coordinates": [
          [
            [
              151.0381125,
              -33.855715
            ],
            [
              151.0381201,
              -33.8557019
            ],
            [
              151.0381326,
              -33.8556918
            ],
            [
              151.0381469,
              -33.8556861
            ],
            [
              151.0381636,
              -33.8556836
            ],
            [
              151.0381783,
              -33.8556869
            ],
            [
              151.0381922,
              -33.8556933
            ],
            [
              151.0388892,
              -33.8559816
            ],
            [
              151.0396885,
              -33.8576161
            ],
            [
              151.0430543,
              -33.8567167
            ],
            [
              151.0431334,
              -33.8566847
            ],
            [
              151.0440573,
              -33.8561572
            ],
            [
              151.0467943,
              -33.8550444
            ],
            [
              151.0468717,
              -33.8550773
            ],
            [
              151.0477406,
              -33.8585873
            ],
            [
              151.0480795,
              -33.8587024
            ],
            [
              151.0481965,
              -33.8587437
            ],
            [
              151.0486546,
              -33.8588509
            ],
            [
              151.0506539,
              -33.8593992
            ],
            [
              151.0529607,
              -33.861427
            ],
            [
              151.0546371,
              -33.8618933
            ],
            [
              151.0547486,
              -33.8619067
            ],
            [
              151.0552459,
              -33.8640973
            ],
            [
              151.0552448,
              -33.8641752
            ],
            [
              151.0548927,
              -33.8641674
            ],
            [
              151.0524406,
              -33.8655333
            ],
            [
              151.0528083,
              -33.867927
            ],
            [
              151.0527147,
              -33.8683796
            ],
            [
              151.0515334,
              -33.868761
            ],
            [
              151.0509528,
              -33.8688029
            ],
            [
              151.0491082,
              -33.8687948
            ],
            [
              151.0467694,
              -33.8710947
            ],
            [
              151.0466708,
              -33.8710817
            ],
            [
              151.0437194,
              -33.8706904
            ],
            [
              151.0423701,
              -33.8721512
            ],
            [
              151.0423881,
              -33.8720486
            ],
            [
              151.0424126,
              -33.8714417
            ],
            [
              151.0425758,
              -33.8705512
            ],
            [
              151.0412921,
              -33.8683708
            ],
            [
              151.0389273,
              -33.8697472
            ],
            [
              151.0389077,
              -33.8698415
            ],
            [
              151.0387537,
              -33.8700847
            ],
            [
              151.0386559,
              -33.8700701
            ],
            [
              151.0358193,
              -33.8686232
            ],
            [
              151.0358444,
              -33.865448
            ],
            [
              151.0344781,
              -33.8651816
            ],
            [
              151.0345971,
              -33.8639933
            ],
            [
              151.0348984,
              -33.8629562
            ],
            [
              151.0363131,
              -33.8618343
            ],
            [
              151.0376104,
              -33.8600154
            ],
            [
              151.0385187,
              -33.8580704
            ],
            [
              151.0382657,
              -33.8560871
            ],
            [
              151.038115,
              -33.8557436
            ],
            [
              151.0381107,
              -33.8557295
            ],
            [
              151.0381125,
              -33.855715
            ]
          ]
        ],
        "type": "Polygon"
      }
    },
    {
      "type": "Feature",
      "properties": {
        "name": "Isochrone - Penshurst Station",
        "color": "#4F46E5",
        "center_point": [
          151.089386527,
          -33.9661295363
        ]
      },
      "geometry": {
        "coordinates": [
          [
            [
              151.0793942,
              -33.9619863
            ],
            [
              151.0804824,
              -33.9604858
            ],
            [
              151.0825915,
              -33.9589667
            ],
            [
              151.082846,
              -33.9588203
            ],
            [
              151.0843547,
              -33.9582425
            ],
            [
              151.0870062,
              -33.9589709
            ],
            [
              151.0896604,
              -33.9599176
            ],
            [
              151.0924721,
              -33.9613682
            ],
            [
              151.0961177,
              -33.9619647
            ],
            [
              151.0974338,
              -33.9619657
            ],
            [
              151.0992506,
              -33.9651023
            ],
            [
              151.0996708,
              -33.9662185
            ],
            [
              151.0984864,
              -33.9683922
            ],
            [
              151.0980521,
              -33.9696806
            ],
            [
              151.0971738,
              -33.9713806
            ],
            [
              151.0958892,
              -33.9738439
            ],
            [
              151.0928543,
              -33.9735187
            ],
            [
              151.0920764,
              -33.9740814
            ],
            [
              151.0920587,
              -33.974092
            ],
            [
              151.0920032,
              -33.9741253
            ],
            [
              151.0919343,
              -33.9741666
            ],
            [
              151.091918,
              -33.9741764
            ],
            [
              151.0918823,
              -33.9741978
            ],
            [
              151.0895416,
              -33.9743662
            ],
            [
              151.0873622,
              -33.974022
            ],
            [
              151.0857378,
              -33.9735306
            ],
            [
              151.0825321,
              -33.9733347
            ],
            [
              151.0803468,
              -33.971487
            ],
            [
              151.0793121,
              -33.9696632
            ],
            [
              151.0793855,
              -33.9689763
            ],
            [
              151.0803015,
              -33.9667547
            ],
            [
              151.0806566,
              -33.9660562
            ],
            [
              151.0797233,
              -33.9624891
            ],
            [
              151.0794266,
              -33.9621836
            ],
            [
              151.0793871,
              -33.9621169
            ],
            [
              151.0793942,
              -33.9619863
            ]
          ]
        ],
        "type": "Polygon"
      }
    },
    {
      "type": "Feature",
      "properties": {
        "name": "Isochrone - Meadowbank Station",
        "color": "#4F46E5",
        "center_point": [
          151.090060862,
          -33.8162381451
        ]
      },
      "geometry": {
        "coordinates": [
          [
            [
              151.0812821,
              -33.8124646
            ],
            [
              151.0816447,
              -33.8113899
            ],
            [
              151.0829751,
              -33.8101489
            ],
            [
              151.0843517,
              -33.8089553
            ],
            [
              151.0869897,
              -33.8075126
            ],
            [
              151.0893194,
              -33.8070574
            ],
            [
              151.0894413,
              -33.807055
            ],
            [
              151.0922642,
              -33.8087833
            ],
            [
              151.0934926,
              -33.8083697
            ],
            [
              151.0934943,
              -33.8084096
            ],
            [
              151.0934201,
              -33.8092218
            ],
            [
              151.0936295,
              -33.8102229
            ],
            [
              151.0964738,
              -33.8113398
            ],
            [
              151.0974925,
              -33.8110728
            ],
            [
              151.0987004,
              -33.8111651
            ],
            [
              151.0987808,
              -33.8112217
            ],
            [
              151.0988484,
              -33.8112693
            ],
            [
              151.0994688,
              -33.8124193
            ],
            [
              151.1003203,
              -33.8154913
            ],
            [
              151.1003024,
              -33.8155265
            ],
            [
              151.10011,
              -33.8158621
            ],
            [
              151.0997983,
              -33.8192499
            ],
            [
              151.0975785,
              -33.8217789
            ],
            [
              151.0955843,
              -33.822181
            ],
            [
              151.0955528,
              -33.8221842
            ],
            [
              151.0945352,
              -33.8221997
            ],
            [
              151.0940064,
              -33.8222065
            ],
            [
              151.0921172,
              -33.8196959
            ],
            [
              151.0909074,
              -33.8203792
            ],
            [
              151.0908338,
              -33.820456
            ],
            [
              151.0902305,
              -33.8213122
            ],
            [
              151.0900139,
              -33.8243903
            ],
            [
              151.090039,
              -33.8244397
            ],
            [
              151.0884543,
              -33.8252882
            ],
            [
              151.0884171,
              -33.8252801
            ],
            [
              151.0883556,
              -33.8252536
            ],
            [
              151.08795,
              -33.8248914
            ],
            [
              151.0872274,
              -33.8236426
            ],
            [
              151.0872416,
              -33.823622
            ],
            [
              151.0872614,
              -33.8236019
            ],
            [
              151.0871969,
              -33.8203007
            ],
            [
              151.0870383,
              -33.8201767
            ],
            [
              151.0867189,
              -33.8199406
            ],
            [
              151.0845476,
              -33.8186846
            ],
            [
              151.083927,
              -33.8185911
            ],
            [
              151.0838194,
              -33.8185769
            ],
            [
              151.0834995,
              -33.8185421
            ],
            [
              151.0826865,
              -33.8185206
            ],
            [
              151.0821146,
              -33.8185589
            ],
            [
              151.0818412,
              -33.818594
            ],
            [
              151.0812573,
              -33.8187063
            ],
            [
              151.0811078,
              -33.8187129
            ],
            [
              151.0810534,
              -33.8186909
            ],
            [
              151.080704,
              -33.8183065
            ],
            [
              151.0818141,
              -33.8156319
            ],
            [
              151.0815235,
              -33.8148772
            ],
            [
              151.0813637,
              -33.8137153
            ],
            [
              151.0813538,
              -33.8136727
            ],
            [
              151.0813444,
              -33.8136304
            ],
            [
              151.0812115,
              -33.8130297
            ],
            [
              151.0812055,
              -33.8129738
            ],
            [
              151.0812532,
              -33.8126448
            ],
            [
              151.0812764,
              -33.8124999
            ],
            [
              151.0812821,
              -33.8124646
            ]
          ]
        ],
        "type": "Polygon"
      }
    },
    {
      "type": "Feature",
      "properties": {
        "name": "Isochrone - Mortdale Station",
        "color": "#4F46E5",
        "center_point": [
          151.081288092,
          -33.9705866718
        ]
      },
      "geometry": {
        "coordinates": [
          [
            [
              151.0761808,
              -33.9634289
            ],
            [
              151.0764318,
              -33.9623082
            ],
            [
              151.0765146,
              -33.9623336
            ],
            [
              151.077977,
              -33.9629401
            ],
            [
              151.0805059,
              -33.9631101
            ],
            [
              151.0806204,
              -33.9631133
            ],
            [
              151.0814008,
              -33.9641573
            ],
            [
              151.0844848,
              -33.9656303
            ],
            [
              151.0856051,
              -33.9649943
            ],
            [
              151.0856274,
              -33.9649816
            ],
            [
              151.0856868,
              -33.9649507
            ],
            [
              151.0857696,
              -33.9649066
            ],
            [
              151.0860512,
              -33.9647491
            ],
            [
              151.0861245,
              -33.964707
            ],
            [
              151.0867529,
              -33.9643594
            ],
            [
              151.0873311,
              -33.9641329
            ],
            [
              151.0885612,
              -33.964735
            ],
            [
              151.0902027,
              -33.9670794
            ],
            [
              151.090029,
              -33.9702669
            ],
            [
              151.0891526,
              -33.9739095
            ],
            [
              151.0868076,
              -33.9747533
            ],
            [
              151.0867331,
              -33.9771742
            ],
            [
              151.0860716,
              -33.9780992
            ],
            [
              151.0854139,
              -33.9788103
            ],
            [
              151.0840989,
              -33.9793464
            ],
            [
              151.0826886,
              -33.9792177
            ],
            [
              151.0796201,
              -33.9787779
            ],
            [
              151.0783632,
              -33.978642
            ],
            [
              151.0770932,
              -33.9784744
            ],
            [
              151.0755513,
              -33.9782645
            ],
            [
              151.0735188,
              -33.975864
            ],
            [
              151.072927,
              -33.9726235
            ],
            [
              151.0714163,
              -33.9704227
            ],
            [
              151.0716248,
              -33.9693792
            ],
            [
              151.0731976,
              -33.9666361
            ],
            [
              151.0757579,
              -33.9652221
            ],
            [
              151.0761808,
              -33.9634289
            ]
          ]
        ],
        "type": "Polygon"
      }
    },
    {
      "type": "Feature",
      "properties": {
        "name": "Isochrone - Denistone Station",
        "color": "#4F46E5",
        "center_point": [
          151.087550272,
          -33.7999061767
        ]
      },
      "geometry": {
        "coordinates": [
          [
            [
              151.0798989,
              -33.7929052
            ],
            [
              151.0816686,
              -33.7905137
            ],
            [
              151.0827894,
              -33.7906913
            ],
            [
              151.0835382,
              -33.7910866
            ],
            [
              151.0865854,
              -33.7912621
            ],
            [
              151.0873795,
              -33.79122
            ],
            [
              151.0885865,
              -33.792947
            ],
            [
              151.0901526,
              -33.7928836
            ],
            [
              151.0928815,
              -33.7943942
            ],
            [
              151.0951528,
              -33.7956098
            ],
            [
              151.0958316,
              -33.7978702
            ],
            [
              151.0958409,
              -33.7979506
            ],
            [
              151.0947109,
              -33.7997494
            ],
            [
              151.0951868,
              -33.8012282
            ],
            [
              151.0951889,
              -33.8012464
            ],
            [
              151.095176,
              -33.8013238
            ],
            [
              151.095161,
              -33.8013452
            ],
            [
              151.0951443,
              -33.8013639
            ],
            [
              151.0950694,
              -33.8013929
            ],
            [
              151.0943079,
              -33.8017558
            ],
            [
              151.0938446,
              -33.8043142
            ],
            [
              151.093365,
              -33.8066805
            ],
            [
              151.0917074,
              -33.8084045
            ],
            [
              151.0889931,
              -33.8083322
            ],
            [
              151.0877884,
              -33.8083996
            ],
            [
              151.0858148,
              -33.8073384
            ],
            [
              151.0836764,
              -33.8061648
            ],
            [
              151.083554,
              -33.806095
            ],
            [
              151.0834422,
              -33.8059755
            ],
            [
              151.0810206,
              -33.8040895
            ],
            [
              151.0807506,
              -33.803033
            ],
            [
              151.0806458,
              -33.802668
            ],
            [
              151.0780696,
              -33.8014226
            ],
            [
              151.0788375,
              -33.7989216
            ],
            [
              151.079614,
              -33.797233
            ],
            [
              151.0793331,
              -33.7943453
            ],
            [
              151.0793075,
              -33.7942512
            ],
            [
              151.0798989,
              -33.7929052
            ]
          ]
        ],
        "type": "Polygon"
      }
    },
    {
      "type": "Feature",
      "properties": {
        "name": "Isochrone - West Ryde Station",
        "color": "#4F46E5",
        "center_point": [
          151.09022893,
          -33.8071721307
        ]
      },
      "geometry": {
        "coordinates": [
          [
            [
              151.0834698,
              -33.8009564
            ],
            [
              151.08509,
              -33.7988419
            ],
            [
              151.0852152,
              -33.7988086
            ],
            [
              151.0882071,
              -33.7986524
            ],
            [
              151.0889994,
              -33.7984483
            ],
            [
              151.0890199,
              -33.7984442
            ],
            [
              151.0890409,
              -33.7984462
            ],
            [
              151.0890598,
              -33.7984539
            ],
            [
              151.0890745,
              -33.7984665
            ],
            [
              151.0890831,
              -33.7984825
            ],
            [
              151.0890847,
              -33.7984997
            ],
            [
              151.0891757,
              -33.7990245
            ],
            [
              151.0893854,
              -33.79963
            ],
            [
              151.0923708,
              -33.7998403
            ],
            [
              151.0941588,
              -33.7989845
            ],
            [
              151.0946284,
              -33.7996188
            ],
            [
              151.0947109,
              -33.7997494
            ],
            [
              151.0951868,
              -33.8012282
            ],
            [
              151.0972762,
              -33.8021952
            ],
            [
              151.098684,
              -33.8021346
            ],
            [
              151.0986792,
              -33.8022328
            ],
            [
              151.097756,
              -33.8037739
            ],
            [
              151.0982229,
              -33.8055964
            ],
            [
              151.0986389,
              -33.808186
            ],
            [
              151.0985618,
              -33.8082624
            ],
            [
              151.0985057,
              -33.808318
            ],
            [
              151.0974925,
              -33.8110728
            ],
            [
              151.0980935,
              -33.8120016
            ],
            [
              151.0970206,
              -33.8138719
            ],
            [
              151.0969634,
              -33.8139282
            ],
            [
              151.0956364,
              -33.8142722
            ],
            [
              151.0950657,
              -33.814209
            ],
            [
              151.0938558,
              -33.8141182
            ],
            [
              151.0936237,
              -33.8138746
            ],
            [
              151.0930197,
              -33.8134266
            ],
            [
              151.0929936,
              -33.8133925
            ],
            [
              151.0926238,
              -33.8128044
            ],
            [
              151.091526,
              -33.8121136
            ],
            [
              151.0897453,
              -33.8142135
            ],
            [
              151.0898155,
              -33.8148999
            ],
            [
              151.0900925,
              -33.8156427
            ],
            [
              151.0900209,
              -33.8158677
            ],
            [
              151.0897836,
              -33.8158702
            ],
            [
              151.0897584,
              -33.8158703
            ],
            [
              151.0897341,
              -33.8158645
            ],
            [
              151.0897126,
              -33.8158531
            ],
            [
              151.0879489,
              -33.8148933
            ],
            [
              151.0851973,
              -33.8135223
            ],
            [
              151.0827818,
              -33.8119213
            ],
            [
              151.0817819,
              -33.8099241
            ],
            [
              151.0817386,
              -33.809506
            ],
            [
              151.0817445,
              -33.8094774
            ],
            [
              151.0817533,
              -33.8094346
            ],
            [
              151.0817641,
              -33.8093822
            ],
            [
              151.08097,
              -33.8065733
            ],
            [
              151.0801625,
              -33.8061951
            ],
            [
              151.0800105,
              -33.8061619
            ],
            [
              151.0795539,
              -33.8061219
            ],
            [
              151.0791351,
              -33.8060303
            ],
            [
              151.0791282,
              -33.8059671
            ],
            [
              151.0791814,
              -33.805673
            ],
            [
              151.0811012,
              -33.8040731
            ],
            [
              151.0826004,
              -33.8037253
            ],
            [
              151.0834698,
              -33.8009564
            ]
          ]
        ],
        "type": "Polygon"
      }
    },
    {
      "type": "Feature",
      "properties": {
        "name": "Isochrone - Homebush Station",
        "color": "#4F46E5",
        "center_point": [
          151.086441327,
          -33.8667398779
        ]
      },
      "geometry": {
        "coordinates": [
          [
            [
              151.0775719,
              -33.8616462
            ],
            [
              151.0781087,
              -33.8607598
            ],
            [
              151.0793958,
              -33.8599442
            ],
            [
              151.0818959,
              -33.8595391
            ],
            [
              151.0828216,
              -33.8591268
            ],
            [
              151.0828406,
              -33.8591174
            ],
            [
              151.0838948,
              -33.8586375
            ],
            [
              151.086845,
              -33.8589015
            ],
            [
              151.0881567,
              -33.8597967
            ],
            [
              151.0891514,
              -33.8607994
            ],
            [
              151.0894216,
              -33.86129
            ],
            [
              151.0894458,
              -33.8613634
            ],
            [
              151.0894707,
              -33.861436
            ],
            [
              151.0897954,
              -33.8623817
            ],
            [
              151.0906206,
              -33.863338
            ],
            [
              151.093036,
              -33.8627693
            ],
            [
              151.0938094,
              -33.8635242
            ],
            [
              151.0951787,
              -33.8656046
            ],
            [
              151.0956671,
              -33.8669671
            ],
            [
              151.0953293,
              -33.8670812
            ],
            [
              151.095279,
              -33.8670703
            ],
            [
              151.0951467,
              -33.8670402
            ],
            [
              151.0950826,
              -33.8670224
            ],
            [
              151.0930059,
              -33.8677569
            ],
            [
              151.0933416,
              -33.8703348
            ],
            [
              151.0933593,
              -33.8703529
            ],
            [
              151.0945566,
              -33.8709642
            ],
            [
              151.09463,
              -33.8709852
            ],
            [
              151.0947464,
              -33.8716648
            ],
            [
              151.0948092,
              -33.8723539
            ],
            [
              151.094361,
              -33.87293
            ],
            [
              151.0921157,
              -33.8733351
            ],
            [
              151.0917075,
              -33.8734255
            ],
            [
              151.0910569,
              -33.8734629
            ],
            [
              151.0883163,
              -33.874334
            ],
            [
              151.0870786,
              -33.8749773
            ],
            [
              151.0865201,
              -33.8753342
            ],
            [
              151.0864164,
              -33.8753137
            ],
            [
              151.0861553,
              -33.8751286
            ],
            [
              151.0835822,
              -33.8737318
            ],
            [
              151.0831681,
              -33.8738128
            ],
            [
              151.0800572,
              -33.8737178
            ],
            [
              151.0799245,
              -33.8737959
            ],
            [
              151.0797794,
              -33.873725
            ],
            [
              151.0796057,
              -33.8732044
            ],
            [
              151.079498,
              -33.8713834
            ],
            [
              151.0787444,
              -33.8698658
            ],
            [
              151.0775061,
              -33.868781
            ],
            [
              151.0770191,
              -33.868292
            ],
            [
              151.0752671,
              -33.8657621
            ],
            [
              151.0750904,
              -33.8652875
            ],
            [
              151.075076,
              -33.8652089
            ],
            [
              151.0750687,
              -33.8651654
            ],
            [
              151.0757868,
              -33.865078
            ],
            [
              151.0774304,
              -33.8625231
            ],
            [
              151.0775154,
              -33.8617394
            ],
            [
              151.0775719,
              -33.8616462
            ]
          ]
        ],
        "type": "Polygon"
      }
    },
    {
      "type": "Feature",
      "properties": {
        "name": "Isochrone - Epping Station",
        "color": "#EC4899",
        "center_point": [
          151.082177,
          -33.772841
        ]
      },
      "geometry": {
        "coordinates": [
          [
            [
              151.0756583,
              -33.7680185
            ],
            [
              151.0765158,
              -33.7657273
            ],
            [
              151.0765737,
              -33.7657161
            ],
            [
              151.0777799,
              -33.7654609
            ],
            [
              151.0778697,
              -33.765441
            ],
            [
              151.078598,
              -33.7653637
            ],
            [
              151.0811958,
              -33.7639639
            ],
            [
              151.0838131,
              -33.7636051
            ],
            [
              151.0843592,
              -33.7637888
            ],
            [
              151.0872558,
              -33.7645117
            ],
            [
              151.0872558,
              -33.7645726
            ],
            [
              151.0872571,
              -33.7651287
            ],
            [
              151.0872575,
              -33.7653105
            ],
            [
              151.0873121,
              -33.7658867
            ],
            [
              151.0873125,
              -33.7659647
            ],
            [
              151.0873129,
              -33.7660387
            ],
            [
              151.0891374,
              -33.7686914
            ],
            [
              151.0909705,
              -33.7685871
            ],
            [
              151.0921484,
              -33.769853
            ],
            [
              151.0934693,
              -33.7712721
            ],
            [
              151.0926859,
              -33.772904
            ],
            [
              151.0909955,
              -33.775252
            ],
            [
              151.0895378,
              -33.7771956
            ],
            [
              151.088641,
              -33.7786327
            ],
            [
              151.0880316,
              -33.7795827
            ],
            [
              151.0867441,
              -33.7800225
            ],
            [
              151.0840836,
              -33.7816067
            ],
            [
              151.0839923,
              -33.7816065
            ],
            [
              151.0808808,
              -33.7807402
            ],
            [
              151.0780573,
              -33.7798704
            ],
            [
              151.0757071,
              -33.7785128
            ],
            [
              151.0756856,
              -33.7784946
            ],
            [
              151.0756651,
              -33.778472
            ],
            [
              151.0735757,
              -33.7767454
            ],
            [
              151.0721297,
              -33.7768324
            ],
            [
              151.0713319,
              -33.7760953
            ],
            [
              151.0709711,
              -33.7731346
            ],
            [
              151.0710525,
              -33.7730265
            ],
            [
              151.0715817,
              -33.7724333
            ],
            [
              151.0741102,
              -33.7705378
            ],
            [
              151.0739393,
              -33.7699268
            ],
            [
              151.0744997,
              -33.7685693
            ],
            [
              151.0756583,
              -33.7680185
            ]
          ]
        ],
        "type": "Polygon"
      }
    },
    {
      "type": "Feature",
      "properties": {
        "name": "Isochrone - Chatswood Station",
        "color": "#4F46E5",
        "center_point": [
          151.180820713,
          -33.7971340586
        ]
      },
      "geometry": {
        "coordinates": [
          [
            [
              151.1746988,
              -33.7923113
            ],
            [
              151.1756094,
              -33.7913464
            ],
            [
              151.1778642,
              -33.792606
            ],
            [
              151.1785039,
              -33.7922188
            ],
            [
              151.1788393,
              -33.791978
            ],
            [
              151.1793929,
              -33.7895022
            ],
            [
              151.1793857,
              -33.7894215
            ],
            [
              151.1795895,
              -33.7884434
            ],
            [
              151.1800737,
              -33.7885214
            ],
            [
              151.1825293,
              -33.7890904
            ],
            [
              151.1825373,
              -33.7891084
            ],
            [
              151.1825462,
              -33.7891283
            ],
            [
              151.1848417,
              -33.7905791
            ],
            [
              151.1854589,
              -33.7903882
            ],
            [
              151.1856085,
              -33.7904125
            ],
            [
              151.187277,
              -33.7915808
            ],
            [
              151.1875675,
              -33.7922288
            ],
            [
              151.189933,
              -33.7936636
            ],
            [
              151.191566,
              -33.7936636
            ],
            [
              151.1916012,
              -33.7937437
            ],
            [
              151.1907532,
              -33.7956415
            ],
            [
              151.1906283,
              -33.7957717
            ],
            [
              151.1900488,
              -33.7959497
            ],
            [
              151.1890625,
              -33.7985003
            ],
            [
              151.189087,
              -33.7985552
            ],
            [
              151.1886292,
              -33.7988029
            ],
            [
              151.1880285,
              -33.8013962
            ],
            [
              151.1880287,
              -33.8014738
            ],
            [
              151.1880296,
              -33.801558
            ],
            [
              151.186513,
              -33.8033234
            ],
            [
              151.1864111,
              -33.8033681
            ],
            [
              151.1851567,
              -33.803062
            ],
            [
              151.1850075,
              -33.8030828
            ],
            [
              151.1832441,
              -33.8051202
            ],
            [
              151.1833862,
              -33.8054792
            ],
            [
              151.1837301,
              -33.8059541
            ],
            [
              151.1836519,
              -33.805998
            ],
            [
              151.1818324,
              -33.806467
            ],
            [
              151.1817193,
              -33.8064833
            ],
            [
              151.1792096,
              -33.8055717
            ],
            [
              151.1782002,
              -33.8055441
            ],
            [
              151.1773658,
              -33.804492
            ],
            [
              151.175257,
              -33.8028133
            ],
            [
              151.1744758,
              -33.8027051
            ],
            [
              151.1742839,
              -33.8026861
            ],
            [
              151.1717784,
              -33.8015913
            ],
            [
              151.1714298,
              -33.8014141
            ],
            [
              151.1712956,
              -33.801131
            ],
            [
              151.1713037,
              -33.800936
            ],
            [
              151.1714043,
              -33.8007265
            ],
            [
              151.1718234,
              -33.7988626
            ],
            [
              151.1713406,
              -33.7979315
            ],
            [
              151.1713003,
              -33.7978791
            ],
            [
              151.1712547,
              -33.797781
            ],
            [
              151.1712333,
              -33.7976941
            ],
            [
              151.1711423,
              -33.7961941
            ],
            [
              151.1711679,
              -33.7960746
            ],
            [
              151.1712346,
              -33.7960742
            ],
            [
              151.1722693,
              -33.7961292
            ],
            [
              151.1726143,
              -33.7961361
            ],
            [
              151.1747685,
              -33.7947059
            ],
            [
              151.1746988,
              -33.7923113
            ]
          ]
        ],
        "type": "Polygon"
      }
    },
    {
      "type": "Feature",
      "properties": {
        "name": "Isochrone - Parramatta Station",
        "color": "#4F46E5",
        "center_point": [
          151.005535136,
          -33.8175792613
        ]
      },
      "geometry": {
        "coordinates": [
          [
            [
              150.9941363,
              -33.8152632
            ],
            [
              150.9944613,
              -33.8129444
            ],
            [
              150.9973176,
              -33.8124811
            ],
            [
              150.99739,
              -33.8124905
            ],
            [
              150.9995231,
              -33.8119754
            ],
            [
              151.0002449,
              -33.8107166
            ],
            [
              151.0009565,
              -33.8100869
            ],
            [
              151.0034446,
              -33.8093122
            ],
            [
              151.0051831,
              -33.8087231
            ],
            [
              151.0070824,
              -33.8087608
            ],
            [
              151.0096702,
              -33.8090349
            ],
            [
              151.0106314,
              -33.8109658
            ],
            [
              151.0107014,
              -33.8111438
            ],
            [
              151.0114435,
              -33.8126651
            ],
            [
              151.0128237,
              -33.8144837
            ],
            [
              151.0129005,
              -33.8145642
            ],
            [
              151.0140538,
              -33.816365
            ],
            [
              151.014786,
              -33.8183386
            ],
            [
              151.0148503,
              -33.8185951
            ],
            [
              151.0145746,
              -33.8186851
            ],
            [
              151.0127522,
              -33.8208078
            ],
            [
              151.0112838,
              -33.8229176
            ],
            [
              151.0105283,
              -33.8239475
            ],
            [
              151.0086821,
              -33.8248795
            ],
            [
              151.0086355,
              -33.8248748
            ],
            [
              151.006233,
              -33.8266299
            ],
            [
              151.0044441,
              -33.8247174
            ],
            [
              151.0038912,
              -33.8236079
            ],
            [
              151.0014396,
              -33.8233805
            ],
            [
              151.0008323,
              -33.8234488
            ],
            [
              151.0007487,
              -33.8234149
            ],
            [
              150.999529,
              -33.8228967
            ],
            [
              150.9994069,
              -33.822809
            ],
            [
              150.9993704,
              -33.8227816
            ],
            [
              150.9973982,
              -33.8207527
            ],
            [
              150.9962855,
              -33.8190739
            ],
            [
              150.9962524,
              -33.8186757
            ],
            [
              150.996254,
              -33.8186653
            ],
            [
              150.9962544,
              -33.8186628
            ],
            [
              150.9962722,
              -33.8185291
            ],
            [
              150.9962886,
              -33.8184427
            ],
            [
              150.9962919,
              -33.8184265
            ],
            [
              150.9964281,
              -33.8182151
            ],
            [
              150.9967551,
              -33.8174795
            ],
            [
              150.9943877,
              -33.8159881
            ],
            [
              150.9942432,
              -33.8160067
            ],
            [
              150.9935705,
              -33.816007
            ],
            [
              150.9935621,
              -33.8159309
            ],
            [
              150.9941363,
              -33.8152632
            ]
          ]
        ],
        "type": "Polygon"
      }
    }
  ]
}